time_ps,comparison,error_isolated,max_abs_displacement_error_nm,rms_displacement_error_nm,max_abs_velocity_error_nm_per_ps,rms_velocity_error_nm_per_ps
0.0,Quadratic-force nonlinear vs full Lennard-Jones,Force expansion,0.0,0.0,0.0,0.0
0.002,Quadratic-force nonlinear vs full Lennard-Jones,Force expansion,7.701831835488226e-09,6.2884568801582845e-09,3.850915917744113e-06,3.1442284400791605e-06
0.004,Quadratic-force nonlinear vs full Lennard-Jones,Force expansion,3.0790462008170594e-08,2.5139307543572534e-08,1.1544315086341184e-05,9.425425337300635e-06
0.006,Quadratic-force nonlinear vs full Lennard-Jones,Force expansion,6.921535656949362e-08,5.65090448053449e-08,1.9212447280661515e-05,1.5684868714943077e-05
0.008,Quadratic-force nonlinear vs full Lennard-Jones,Force expansion,1.2289249921686174e-07,1.003253326174139e-07,2.6838571323684057e-05,2.190814437804784e-05
0.01,Quadratic-force nonlinear vs full Lennard-Jones,Force expansion,1.917046995730809e-07,1.564872680628233e-07,3.440610017810958e-05,2.8080969414678437e-05
0.012,Quadratic-force nonlinear vs full Lennard-Jones,Force expansion,2.755020244542272e-07,2.2486574816508845e-07,4.1898662440573164e-05,3.4189244725414346e-05
0.014,Quadratic-force nonlinear vs full Lennard-Jones,Force expansion,3.7410234780994867e-07,3.053039372627041e-07,4.930016167786072e-05,4.02191054358288e-05
0.016,Quadratic-force nonlinear vs full Lennard-Jones,Force expansion,4.872920139498832e-07,3.976178307139489e-07,5.6594833069967265e-05,4.615696920192362e-05
0.018000000000000002,Quadratic-force nonlinear vs full Lennard-Jones,Force expansion,6.148266144291592e-07,5.015969155633632e-07,6.3767300239638e-05,5.198958484391712e-05
0.02,Quadratic-force nonlinear vs full Lennard-Jones,Force expansion,7.564318790925784e-07,6.170049288061732e-07,7.080263233170958e-05,5.7704081313152976e-05
0.022,Quadratic-force nonlinear vs full Lennard-Jones,Force expansion,9.118046742397079e-07,7.435807064813004e-07,7.768639757356477e-05,6.328801329356473e-05
0.024,Quadratic-force nonlinear vs full Lennard-Jones,Force expansion,1.0806140719483298e-06,8.810390908129833e-07,8.440469885431096e-05,6.872939044196692e-05
0.026000000000000002,Quadratic-force nonlinear vs full Lennard-Jones,Force expansion,1.26250255273741e-06,1.0290719565310746e-06,9.094424039454013e-05,7.401673720170073e-05
0.028,Quadratic-force nonlinear vs full Lennard-Jones,Force expansion,1.4570872701059195e-06,1.1873492853931226e-06,9.729235868425473e-05,7.913911717860311e-05
0.03,Quadratic-force nonlinear vs full Lennard-Jones,Force expansion,1.6639614006646458e-06,1.3555203150579748e-06,0.00010343706527936314,8.408617061591744e-05
0.032,Quadratic-force nonlinear vs full Lennard-Jones,Force expansion,1.882695569744089e-06,1.533214752860238e-06,0.00010936708453972155,8.884814718482825e-05
0.034,Quadratic-force nonlinear vs full Lennard-Jones,Force expansion,2.112839349859008e-06,1.7200440528997467e-06,0.0001150718900574596,9.341593802397804e-05
0.036000000000000004,Quadratic-force nonlinear vs full Lennard-Jones,Force expansion,2.353922816084042e-06,1.915602741143809e-06,0.00012054173311251692,9.778110018737476e-05
0.038,Quadratic-force nonlinear vs full Lennard-Jones,Force expansion,2.6054581284164213e-06,2.1194697605899883e-06,0.00012576765616618968,0.00010193586719896881
0.04,Quadratic-force nonlinear vs full Lennard-Jones,Force expansion,2.866941205405954e-06,2.3312099026899947e-06,0.00013074153849476633,0.00010587319270219296
0.042,Quadratic-force nonlinear vs full Lennard-Jones,Force expansion,3.137853397875215e-06,2.550375233346611e-06,0.00013545609623463045,0.00010958674843197405
0.044,Quadratic-force nonlinear vs full Lennard-Jones,Force expansion,3.417663196912668e-06,2.7765065501811302e-06,0.0001399048995187266,0.00011307094058231935
0.046,Quadratic-force nonlinear vs full Lennard-Jones,Force expansion,3.7058279648959774e-06,3.009134861341388e-06,0.00014408238399165468,0.00011632092140913482
0.048,Quadratic-force nonlinear vs full Lennard-Jones,Force expansion,4.0017956875193494e-06,3.247782885134865e-06,0.000147983861311686,0.00011933260057480567
0.05,Quadratic-force nonlinear vs full Lennard-Jones,Force expansion,4.3050067197996505e-06,3.4919665439352502e-06,0.00015160551614015055,0.00012210264338703586
0.052000000000000005,Quadratic-force nonlinear vs full Lennard-Jones,Force expansion,4.614895500028304e-06,3.7411964277236483e-06,0.00015494439011432687,0.00012462845692600563
0.054,Quadratic-force nonlinear vs full Lennard-Jones,Force expansion,4.930892311228591e-06,3.994979310957297e-06,0.00015799840560014322,0.00012690821795592337
0.056,Quadratic-force nonlinear vs full Lennard-Jones,Force expansion,5.25242497311125e-06,4.252819603032859e-06,0.00016076633094132958,0.0001289408414537716
0.058,Quadratic-force nonlinear vs full Lennard-Jones,Force expansion,5.578920518677782e-06,4.5142207900098935e-06,0.00016324777278326624,0.00013072597803840088
0.06,Quadratic-force nonlinear vs full Lennard-Jones,Force expansion,5.909806840013326e-06,4.778686853573916e-06,0.00016544316066777198,0.00013226400464888828
0.062,Quadratic-force nonlinear vs full Lennard-Jones,Force expansion,6.2445143010694815e-06,5.04572366650237e-06,0.00016735373052807756,0.0001335560151061872
0.064,Quadratic-force nonlinear vs full Lennard-Jones,Force expansion,6.582477275297177e-06,5.314840321208502e-06,0.00016898148711384786,0.00013460378948113648
0.066,Quadratic-force nonlinear vs full Lennard-Jones,Force expansion,6.923135645498998e-06,5.585550432904792e-06,0.0001703291851009106,0.0001354097843967719
0.068,Quadratic-force nonlinear vs full Lennard-Jones,Force expansion,7.265936249884267e-06,5.8573734019682785e-06,0.00017140030219263414,0.00013597711606680847
0.07,Quadratic-force nonlinear vs full Lennard-Jones,Force expansion,7.610334245098521e-06,6.129835605454489e-06,0.00017219899760712726,0.00013630952896901953
0.07200000000000001,Quadratic-force nonlinear vs full Lennard-Jones,Force expansion,7.95579440378627e-06,6.402471537683414e-06,0.00017273007934387463,0.00013641137491202676
0.074,Quadratic-force nonlinear vs full Lennard-Jones,Force expansion,8.301792342459494e-06,6.67482489731227e-06,0.00017299896933661157,0.00013628759140553332
0.076,Quadratic-force nonlinear vs full Lennard-Jones,Force expansion,8.647815670061523e-06,6.9464496116931505e-06,0.00017301166380101485,0.00013594367619015077
0.078,Quadratic-force nonlinear vs full Lennard-Jones,Force expansion,8.9933650304682e-06,7.216910768990713e-06,0.00017277468020333864,0.00013538564820225665
0.08,Quadratic-force nonlinear vs full Lennard-Jones,Force expansion,9.337955093901423e-06,7.48578552107481e-06,0.00017229503171661137,0.00013462004025784882
0.082,Quadratic-force nonlinear vs full Lennard-Jones,Force expansion,9.681115435179743e-06,7.752663889158255e-06,0.0001715801706391601,0.00013365385956878005
0.084,Quadratic-force nonlinear vs full Lennard-Jones,Force expansion,1.0022391327250274e-05,8.017149503604249e-06,0.00017063794603526528,0.00013249456492795658
0.08600000000000001,Quadratic-force nonlinear vs full Lennard-Jones,Force expansion,1.0361344444512373e-05,8.2788602731145e-06,0.00016947655863105288,0.0001311500429826976
0.088,Quadratic-force nonlinear vs full Lennard-Jones,Force expansion,1.0697553476051933e-05,8.53742898470671e-06,0.00016810451576977636,0.00012962858680923956
0.09,Quadratic-force nonlinear vs full Lennard-Jones,Force expansion,1.1030614636539995e-05,8.792503819284374e-06,0.00016653058024403145,0.0001279388692175359
0.092,Quadratic-force nonlinear vs full Lennard-Jones,Force expansion,1.1360142090036107e-05,9.043748800699555e-06,0.0001647637267480559,0.00012608992693135797
0.094,Quadratic-force nonlinear vs full Lennard-Jones,Force expansion,1.1685768283233033e-05,9.290844175942212e-06,0.0001628130965984631,0.00012409114610783555
0.096,Quadratic-force nonlinear vs full Lennard-Jones,Force expansion,1.2007144181606401e-05,9.533486716901495e-06,0.00016068794918668722,0.0001219522464541957
0.098,Quadratic-force nonlinear vs full Lennard-Jones,Force expansion,1.2323939419117864e-05,9.771389955881295e-06,0.00015839761875573177,0.00011968327462213941
0.1,Quadratic-force nonlinear vs full Lennard-Jones,Force expansion,1.2635842359931364e-05,1.0004284353920784e-05,0.00015595147040674967,0.00011729460105197736
0.10200000000000001,Quadratic-force nonlinear vs full Lennard-Jones,Force expansion,1.2942560072963863e-05,1.0231917402134076e-05,0.0001533588565162461,0.0001147969215092018
0.10400000000000001,Quadratic-force nonlinear vs full Lennard-Jones,Force expansion,1.3243818224517243e-05,1.0454053657433443e-05,0.00015062907577668982,0.000112201264905624
0.106,Quadratic-force nonlinear vs full Lennard-Jones,Force expansion,1.3539360893377594e-05,1.0670474723361025e-05,0.00014777133443017593,0.000109519011462282
0.108,Quadratic-force nonlinear vs full Lennard-Jones,Force expansion,1.382895030649367e-05,1.088097916776012e-05,0.00014479470655803794,0.0001067619142828273
0.11,Quadratic-force nonlinear vs full Lennard-Jones,Force expansion,1.411236650628988e-05,1.108538238999658e-05,0.00014170809989810795,0.00010394213415584395
0.112,Quadratic-force nonlinear vs full Lennard-Jones,Force expansion,1.4389406948991067e-05,1.128351643629249e-05,0.00013852022135059372,0.00010107228191192074
0.114,Quadratic-force nonlinear vs full Lennard-Jones,Force expansion,1.4659886035823036e-05,1.1475229765142757e-05,0.0001352395434159881,9.816547043160951e-05
0.116,Quadratic-force nonlinear vs full Lennard-Jones,Force expansion,1.4923634591112317e-05,1.1660386973698184e-05,0.0001318742776446405,9.523538109889737e-05
0.11800000000000001,Quadratic-force nonlinear vs full Lennard-Jones,Force expansion,1.5180499285320607e-05,1.1838868483859594e-05,0.00012843234710414875,9.229633849815843e-05
0.12,Quadratic-force nonlinear vs full Lennard-Jones,Force expansion,1.5430342004421616e-05,1.2010570188993384e-05,0.00012492135955050054,8.936339366873074e-05
0.122,Quadratic-force nonlinear vs full Lennard-Jones,Force expansion,1.567303918054066e-05,1.2175403073696588e-05,0.00012134858805951804,8.645241911262353e-05
0.124,Quadratic-force nonlinear vs full Lennard-Jones,Force expansion,1.5908481084637646e-05,1.2333292806890449e-05,0.00011772095204849731,8.358020595112684e-05
0.126,Quadratic-force nonlinear vs full Lennard-Jones,Force expansion,1.6136571080999258e-05,1.248417930711768e-05,0.00011404499818080255,8.076455652570363e-05
0.128,Quadratic-force nonlinear vs full Lennard-Jones,Force expansion,1.635722485151484e-05,1.262801628707766e-05,0.00011032688525779155,7.802436599453788e-05
0.13,Quadratic-force nonlinear vs full Lennard-Jones,Force expansion,1.65703696140369e-05,1.2764770798760904e-05,0.00010657238126102891,7.537968395732713e-05
0.132,Quadratic-force nonlinear vs full Lennard-Jones,Force expansion,1.677594330165913e-05,1.289442274708475e-05,0.0001027868438111118,7.285171545411262e-05
0.134,Quadratic-force nonlinear vs full Lennard-Jones,Force expansion,1.697389374119042e-05,1.3016964407261007e-05,9.897521976564433e-05,7.046276215650547e-05
0.136,Quadratic-force nonlinear vs full Lennard-Jones,Force expansion,1.7164177826202616e-05,1.313239994091784e-05,9.514204250609531e-05,6.823605639543867e-05
0.138,Quadratic-force nonlinear vs full Lennard-Jones,Force expansion,1.7346760685706814e-05,1.3240744909969197e-05,9.129142975210225e-05,6.619545711039329e-05
0.14,Quadratic-force nonlinear vs full Lennard-Jones,Force expansion,1.7521614848664546e-05,1.3342025787451586e-05,8.742708147886635e-05,6.436497710308287e-05
0.14200000000000002,Quadratic-force nonlinear vs full Lennard-Jones,Force expansion,1.7688719424552996e-05,1.3436279484609716e-05,8.355228794422465e-05,6.276812628258377e-05
0.14400000000000002,Quadratic-force nonlinear vs full Lennard-Jones,Force expansion,1.784805930386997e-05,1.3523552896044021e-05,7.96699396584874e-05,6.142706814696694e-05
0.146,Quadratic-force nonlinear vs full Lennard-Jones,Force expansion,1.7999624353145886e-05,1.3603902436275687e-05,7.578252463795454e-05,6.0361624069692354e-05
0.148,Quadratic-force nonlinear vs full Lennard-Jones,Force expansion,1.814340864788981e-05,1.3677393610400151e-05,7.402195747145679e-05,5.958821788664993e-05
0.15,Quadratic-force nonlinear vs full Lennard-Jones,Force expansion,1.8279409729584847e-05,1.3744100603591763e-05,7.612515579626805e-05,5.911886971353739e-05
0.152,Quadratic-force nonlinear vs full Lennard-Jones,Force expansion,1.8407627885561918e-05,1.3804105886285673e-05,7.822823892448746e-05,5.896038769458686e-05
0.154,Quadratic-force nonlinear vs full Lennard-Jones,Force expansion,1.852806545336958e-05,1.3857499835756626e-05,8.032843320008448e-05,5.911389320638071e-05
0.156,Quadratic-force nonlinear vs full Lennard-Jones,Force expansion,1.8640726179490127e-05,1.3904380404263949e-05,8.242286631785292e-05,5.957476373106589e-05
0.158,Quadratic-force nonlinear vs full Lennard-Jones,Force expansion,1.8745614606207207e-05,1.3944852804580989e-05,8.450857465105294e-05,6.033301464762241e-05
0.16,Quadratic-force nonlinear vs full Lennard-Jones,Force expansion,1.8842735488137224e-05,1.3979029213658585e-05,8.658251192589922e-05,6.137405987947896e-05
0.162,Quadratic-force nonlinear vs full Lennard-Jones,Force expansion,1.8932093265896024e-05,1.4007028522253827e-05,8.864154632716101e-05,6.267972052837765e-05
0.164,Quadratic-force nonlinear vs full Lennard-Jones,Force expansion,1.9013691583230803e-05,1.4028976115268452e-05,9.068246485351844e-05,6.422934172695141e-05
0.166,Quadratic-force nonlinear vs full Lennard-Jones,Force expansion,1.9087532843347667e-05,1.4045003676971022e-05,9.270198255355994e-05,6.600088327550187e-05
0.168,Quadratic-force nonlinear vs full Lennard-Jones,Force expansion,1.9153617805303495e-05,1.4055249021496654e-05,9.469675297363658e-05,6.797188102020628e-05
0.17,Quadratic-force nonlinear vs full Lennard-Jones,Force expansion,1.9211945252241812e-05,1.4059855981595092e-05,9.666336084487165e-05,7.012020427392319e-05
0.17200000000000001,Quadratic-force nonlinear vs full Lennard-Jones,Force expansion,1.9262511696281626e-05,1.4058974317435249e-05,9.859833562076564e-05,7.242462515205729e-05
0.17400000000000002,Quadratic-force nonlinear vs full Lennard-Jones,Force expansion,1.9305311120377134e-05,1.4052759645531437e-05,0.00010049816700737763,7.486520069331674e-05
0.176,Quadratic-force nonlinear vs full Lennard-Jones,Force expansion,1.9340334787551917e-05,1.4041373418929108e-05,0.00010235930286901437,7.742347672154651e-05
0.178,Quadratic-force nonlinear vs full Lennard-Jones,Force expansion,1.9367571098767838e-05,1.4024982938773935e-05,0.00010417815686459761,8.00825747951649e-05
0.18,Quadratic-force nonlinear vs full Lennard-Jones,Force expansion,1.9387005493188853e-05,1.4003761389806468e-05,0.00010595112206492063,8.282719457051606e-05
0.182,Quadratic-force nonlinear vs full Lennard-Jones,Force expansion,1.939862038889033e-05,1.397788789775973e-05,0.0001076745866761819,8.564355791845919e-05
0.184,Quadratic-force nonlinear vs full Lennard-Jones,Force expansion,1.940239518322985e-05,1.394754762792431e-05,0.00010934493585926242,8.851930088461313e-05
0.186,Quadratic-force nonlinear vs full Lennard-Jones,Force expansion,1.9398306320191332e-05,1.3912931930515491e-05,0.00011300297701830747,9.144333643392103e-05
0.188,Quadratic-force nonlinear vs full Lennard-Jones,Force expansion,1.938632735118146e-05,1.387423845924107e-05,0.0001185013142101024,9.440576821666509e-05
0.19,Quadratic-force nonlinear vs full Lennard-Jones,Force expansion,1.9366429077262264e-05,1.3831671349557356e-05,0.00012395036319513483,9.739773687583432e-05
0.192,Quadratic-force nonlinear vs full Lennard-Jones,Force expansion,1.9338579728902724e-05,1.3785441411835285e-05,0.0001293478822050019,0.00010041130104498897
0.194,Quadratic-force nonlinear vs full Lennard-Jones,Force expansion,1.930274518251781e-05,1.3735766336888058e-05,0.0001346915692430027,0.00010343932798501162
0.196,Quadratic-force nonlinear vs full Lennard-Jones,Force expansion,1.925888920543484e-05,1.3682870904755126e-05,0.00013997906677396324,0.0001064754007401689
0.198,Quadratic-force nonlinear vs full Lennard-Jones,Force expansion,1.9206973728723214e-05,1.3626987195346223e-05,0.00014520796649559325,0.00010951373525092192
0.2,Quadratic-force nonlinear vs full Lennard-Jones,Force expansion,1.9146959193584853e-05,1.3568354837700351e-05,0.00015037574819685637,0.00011254906023792642
0.202,Quadratic-force nonlinear vs full Lennard-Jones,Force expansion,1.9078804896290524e-05,1.3507221226729635e-05,0.00015547981696952332,0.00011557657406893305
0.20400000000000001,Quadratic-force nonlinear vs full Lennard-Jones,Force expansion,1.9002469348120866e-05,1.3443841721573948e-05,0.0001605175174298687,0.00011859189415387062
0.20600000000000002,Quadratic-force nonlinear vs full Lennard-Jones,Force expansion,1.8917910683805732e-05,1.3378479848092779e-05,0.00016548610245114767,0.00012159098140666964
0.20800000000000002,Quadratic-force nonlinear vs full Lennard-Jones,Force expansion,1.8825087093284933e-05,1.3311407477739859e-05,0.00017038272709163013,0.000124570087861759
0.21,Quadratic-force nonlinear vs full Lennard-Jones,Force expansion,1.8723957266838934e-05,1.3242904968654538e-05,0.00017520445669272355,0.00012752572013839423
0.212,Quadratic-force nonlinear vs full Lennard-Jones,Force expansion,1.8614480846459785e-05,1.3173261258392762e-05,0.00017994828305960622,0.00013045461353656344
0.214,Quadratic-force nonlinear vs full Lennard-Jones,Force expansion,1.8496618880894347e-05,1.3102773901383213e-05,0.00018461114226729636,0.00013335371144593684
0.216,Quadratic-force nonlinear vs full Lennard-Jones,Force expansion,1.8370334317396875e-05,1.3031749063069634e-05,0.00018918987901945725,0.0001362201096822275
0.218,Quadratic-force nonlinear vs full Lennard-Jones,Force expansion,1.823559253834729e-05,1.296050145680997e-05,0.00019368119118017956,0.00013905098930078747
0.22,Quadratic-force nonlinear vs full Lennard-Jones,Force expansion,1.8092361783199904e-05,1.288935412867993e-05,0.00019808181497609975,0.0001418437256495685
0.222,Quadratic-force nonlinear vs full Lennard-Jones,Force expansion,1.7940613680260398e-05,1.2818638207350027e-05,0.00020238836877586874,0.00014459575372464863
0.224,Quadratic-force nonlinear vs full Lennard-Jones,Force expansion,1.7780323737598587e-05,1.2748692518749396e-05,0.00020659741755682135,0.0001473045943245414
0.226,Quadratic-force nonlinear vs full Lennard-Jones,Force expansion,1.7611471833821747e-05,1.2679863078545564e-05,0.0002107054736331243,0.00014996783608874144
0.228,Quadratic-force nonlinear vs full Lennard-Jones,Force expansion,1.743404269471168e-05,1.2612502445785624e-05,0.00021470901588604963,0.00015258313237962695
0.23,Quadratic-force nonlinear vs full Lennard-Jones,Force expansion,1.7248026363445316e-05,1.2546968930294203e-05,0.00021860449309725106,0.00015514818803223898
0.232,Quadratic-force nonlinear vs full Lennard-Jones,Force expansion,1.705341868142178e-05,1.2483625643758378e-05,0.00022238829558169477,0.00015766072461941005
0.234,Quadratic-force nonlinear vs full Lennard-Jones,Force expansion,1.6850221717260602e-05,1.2422839372757029e-05,0.00022605682355007718,0.0001601185163100485
0.23600000000000002,Quadratic-force nonlinear vs full Lennard-Jones,Force expansion,1.66384442040747e-05,1.2364979281342256e-05,0.00022960645598701923,0.0001625193553058102
0.23800000000000002,Quadratic-force nonlinear vs full Lennard-Jones,Force expansion,1.64181019544917e-05,1.2310415430397763e-05,0.0002330335648367647,0.000164861050839989
0.24,Quadratic-force nonlinear vs full Lennard-Jones,Force expansion,1.618921825358139e-05,1.2259517113696186e-05,0.0002363345255490014,0.0001671414264864377
0.242,Quadratic-force nonlinear vs full Lennard-Jones,Force expansion,1.5951824223836748e-05,1.2212651015209444e-05,0.0002395057343857615,0.0001693583231433994
0.244,Quadratic-force nonlinear vs full Lennard-Jones,Force expansion,1.5705959168092526e-05,1.2170179195533988e-05,0.00024254361286274798,0.0001715095937084509
0.246,Quadratic-force nonlinear vs full Lennard-Jones,Force expansion,1.5451670902937845e-05,1.2132456914664431e-05,0.00024544458921381407,0.0001735930824884524
0.248,Quadratic-force nonlinear vs full Lennard-Jones,Force expansion,1.5189016037785716e-05,1.2099830320050624e-05,0.0002482051507358106,0.00017560665553155528
0.25,Quadratic-force nonlinear vs full Lennard-Jones,Force expansion,1.4918060243653323e-05,1.2072634014441405e-05,0.0002508218207770453,0.00017754817853985475
0.252,Quadratic-force nonlinear vs full Lennard-Jones,Force expansion,1.4877490922827075e-05,1.2051188537280103e-05,0.0002532911707849358,0.00017941552046332363
0.254,Quadratic-force nonlinear vs full Lennard-Jones,Force expansion,1.5101387338597831e-05,1.2035797795375062e-05,0.00025560982933481996,0.0001812065557854427
0.256,Quadratic-force nonlinear vs full Lennard-Jones,Force expansion,1.53215657388954e-05,1.202674648565319e-05,0.00025777449486107454,0.00018291917018604126
0.258,Quadratic-force nonlinear vs full Lennard-Jones,Force expansion,1.5537815621369418e-05,1.2024297548417326e-05,0.00025978193129083324,0.0001845512551882937
0.26,Quadratic-force nonlinear vs full Lennard-Jones,Force expansion,1.574993006838235e-05,1.2028689697898296e-05,0.00026162896687477455,0.00018610070598187176
0.262,Quadratic-force nonlinear vs full Lennard-Jones,Force expansion,1.595770599630269e-05,1.2040135090982803e-05,0.0002633125204664494,0.00018756543898705325
0.264,Quadratic-force nonlinear vs full Lennard-Jones,Force expansion,1.6160944354529777e-05,1.2058817165092543e-05,0.00026482958733571246,0.00018894338238764386
0.266,Quadratic-force nonlinear vs full Lennard-Jones,Force expansion,1.6359450301657585e-05,1.2084888698536326e-05,0.000266177244734149,0.00019023248117427897
0.268,Quadratic-force nonlinear vs full Lennard-Jones,Force expansion,1.6553033358873703e-05,1.2118470135784398e-05,0.00026735265792453625,0.00019143070333954595
0.27,Quadratic-force nonlinear vs full Lennard-Jones,Force expansion,1.6741507542442774e-05,1.21596482154488e-05,0.00026835308786655326,0.00019253604799015627
0.272,Quadratic-force nonlinear vs full Lennard-Jones,Force expansion,1.6924691453310166e-05,1.2208474919198757e-05,0.0002691758828523433,0.00019354654348679236
0.274,Quadratic-force nonlinear vs full Lennard-Jones,Force expansion,1.7102408331004168e-05,1.2264966763054117e-05,0.0002698184742811957,0.00019446024927306373
0.276,Quadratic-force nonlinear vs full Lennard-Jones,Force expansion,1.7274486105996884e-05,1.2329104460125752e-05,0.00027027839839040627,0.00019527527593344806
0.278,Quadratic-force nonlinear vs full Lennard-Jones,Force expansion,1.744075739686015e-05,1.2400832927950571e-05,0.0002705532780714927,0.00019598977935998845
0.28,Quadratic-force nonlinear vs full Lennard-Jones,Force expansion,1.760105948187332e-05,1.24800616459575e-05,0.0002706408252992065,0.000196601969540786
0.28200000000000003,Quadratic-force nonlinear vs full Lennard-Jones,Force expansion,1.7755234243364663e-05,1.2566665344727553e-05,0.0002705388423901098,0.00019711011941238535
0.28400000000000003,Quadratic-force nonlinear vs full Lennard-Jones,Force expansion,1.7903128087417945e-05,1.2660485003537607e-05,0.0002702452248587797,0.00019751257557520265
0.28600000000000003,Quadratic-force nonlinear vs full Lennard-Jones,Force expansion,1.8044591829174256e-05,1.2761329117595853e-05,0.000269757956214943,0.00019780776454596702
0.28800000000000003,Quadratic-force nonlinear vs full Lennard-Jones,Force expansion,1.8179480531287616e-05,1.28689751871218e-05,0.0002690750912255624,0.00019799419232932125
0.29,Quadratic-force nonlinear vs full Lennard-Jones,Force expansion,1.8307653350604046e-05,1.2983171426480134e-05,0.0002681947816069591,0.00019807047254592308
0.292,Quadratic-force nonlinear vs full Lennard-Jones,Force expansion,1.8428973330182098e-05,1.31036386070685e-05,0.0002671152529343454,0.00019803532377810458
0.294,Quadratic-force nonlinear vs full Lennard-Jones,Force expansion,1.8543307172681593e-05,1.3230072015773536e-05,0.00026583480668097154,0.00019788758402933024
0.296,Quadratic-force nonlinear vs full Lennard-Jones,Force expansion,1.8650524988974432e-05,1.336214348354618e-05,0.0002643518172747855,0.00019762622302151384
0.298,Quadratic-force nonlinear vs full Lennard-Jones,Force expansion,1.875050002618419e-05,1.3499503448833496e-05,0.00026266473161567355,0.00019725035714761497
0.3,Quadratic-force nonlinear vs full Lennard-Jones,Force expansion,1.884310837489949e-05,1.3641783020681267e-05,0.0002607720673776723,0.00019675926477470543
0.0,Continuous K=2 Carleman vs quadratic-force nonlinear,Carleman truncation,0.0,0.0,0.0,0.0
0.002,Continuous K=2 Carleman vs quadratic-force nonlinear,Carleman truncation,1.044478283905386e-12,8.528053436261541e-13,5.222391419052591e-10,4.2640267179371205e-10
0.004,Continuous K=2 Carleman vs quadratic-force nonlinear,Carleman truncation,1.6703894585509964e-11,1.363820497801402e-11,7.82970815092765e-09,6.39269981768528e-09
0.006,Continuous K=2 Carleman vs quadratic-force nonlinear,Carleman truncation,8.449884846665231e-11,6.898763582374626e-11,3.389747694083206e-08,2.7674715447411438e-08
0.008,Continuous K=2 Carleman vs quadratic-force nonlinear,Carleman truncation,2.6676863569861453e-10,2.1778584839921415e-10,9.113489361604887e-08,7.43991065508712e-08
0.01,Continuous K=2 Carleman vs quadratic-force nonlinear,Carleman truncation,6.503899122419681e-10,5.309270438816005e-10,1.918106382718665e-07,1.565705994248652e-07
0.012,Continuous K=2 Carleman vs quadratic-force nonlinear,Carleman truncation,1.3463720653159451e-09,1.098967119001017e-09,3.4799107653717826e-07,2.840200445901912e-07
0.014,Continuous K=2 Carleman vs quadratic-force nonlinear,Carleman truncation,2.489315375060969e-09,2.0316620299507072e-09,5.714716548727017e-07,4.663474775294484e-07
0.016,Continuous K=2 Carleman vs quadratic-force nonlinear,Carleman truncation,4.236812891977382e-09,3.4574482022817927e-09,8.737487584582065e-07,7.128931459715589e-07
0.018000000000000002,Continuous K=2 Carleman vs quadratic-force nonlinear,Carleman truncation,6.768754042113241e-09,5.522837289456822e-09,1.2659705750685257e-06,1.0326946896793136e-06
0.02,Continuous K=2 Carleman vs quadratic-force nonlinear,Carleman truncation,1.0286474152337594e-08,8.391687890445369e-09,1.758860055111472e-06,1.4344256238764844e-06
0.022,Continuous K=2 Carleman vs quadratic-force nonlinear,Carleman truncation,1.5011709006288246e-08,1.224432681067133e-08,2.36261742697641e-06,1.926320110384176e-06
0.024,Continuous K=2 Carleman vs quadratic-force nonlinear,Carleman truncation,2.1185657754800233e-08,1.7276727630249127e-08,3.0869743742559935e-06,2.516201635427339e-06
0.026000000000000002,Continuous K=2 Carleman vs quadratic-force nonlinear,Carleman truncation,2.9067875808132856e-08,2.3699558082217066e-08,3.941109026666528e-06,3.211417422293545e-06
0.028,Continuous K=2 Carleman vs quadratic-force nonlinear,Carleman truncation,3.89349937377631e-08,3.173709449452715e-08,4.933558964814039e-06,4.018771966425646e-06
0.03,Continuous K=2 Carleman vs quadratic-force nonlinear,Carleman truncation,5.107942299394184e-08,4.162611386103357e-08,6.072214628092404e-06,4.9445158734598365e-06
0.032,Continuous K=2 Carleman vs quadratic-force nonlinear,Carleman truncation,6.580799371229537e-08,5.3614727466705787e-08,7.364285359176548e-06,5.9943166577839105e-06
0.034,Continuous K=2 Carleman vs quadratic-force nonlinear,Carleman truncation,8.344050421427423e-08,6.796114375157816e-08,8.81625525099225e-06,7.173223381467905e-06
0.036000000000000004,Continuous K=2 Carleman vs quadratic-force nonlinear,Carleman truncation,1.0430814473147637e-07,8.493233623729732e-08,1.043382025860129e-05,8.485619195840752e-06
0.038,Continuous K=2 Carleman vs quadratic-force nonlinear,Carleman truncation,1.287519298468474e-07,1.0480270903155623e-07,1.2221892557687242e-05,9.935220172641897e-06
0.04,Continuous K=2 Carleman vs quadratic-force nonlinear,Carleman truncation,1.5712108240048626e-07,1.2785272263627863e-07,1.418457627681835e-05,1.1525055489993894e-05
0.042,Continuous K=2 Carleman vs quadratic-force nonlinear,Carleman truncation,1.8977130231709414e-07,1.5436743663170985e-07,1.632510995830394e-05,1.3257425882958956e-05
0.044,Continuous K=2 Carleman vs quadratic-force nonlinear,Carleman truncation,2.2706302716887523e-07,1.8463504287469602e-07,1.864586242589228e-05,1.5133898945985603e-05
0.046,Continuous K=2 Carleman vs quadratic-force nonlinear,Carleman truncation,2.693596730983863e-07,2.189453829662768e-07,2.1148322964757715e-05,1.7155301313892166e-05
0.048,Continuous K=2 Carleman vs quadratic-force nonlinear,Carleman truncation,3.170258345903303e-07,2.575884372950802e-07,2.383308074597329e-05,1.932170448778079e-05
0.05,Continuous K=2 Carleman vs quadratic-force nonlinear,Carleman truncation,3.704254123759786e-07,3.008527665789756e-07,2.669978889282415e-05,2.163240110314124e-05
0.052000000000000005,Continuous K=2 Carleman vs quadratic-force nonlinear,Carleman truncation,4.299197824897882e-07,3.490239833003978e-07,2.9747185056903935e-05,2.4085919951333882e-05
0.054,Continuous K=2 Carleman vs quadratic-force nonlinear,Carleman truncation,4.958659660235943e-07,4.0238322746859894e-07,3.297309176689828e-05,2.668002820161144e-05
0.056,Continuous K=2 Carleman vs quadratic-force nonlinear,Carleman truncation,5.686147402856386e-07,4.6120560863480465e-07,3.6374387131027364e-05,2.9411714544746604e-05
0.058,Continuous K=2 Carleman vs quadratic-force nonlinear,Carleman truncation,6.485087873239152e-07,5.25758679934614e-07,3.994702351913654e-05,3.2277205280581836e-05
0.06,Continuous K=2 Carleman vs quadratic-force nonlinear,Carleman truncation,7.358808636981438e-07,5.963009346703684e-07,4.368603818711431e-05,3.5271975654243195e-05
0.062,Continuous K=2 Carleman vs quadratic-force nonlinear,Carleman truncation,8.310519766989519e-07,6.730803172810158e-07,4.758555650040408e-05,3.8390757100114376e-05
0.064,Continuous K=2 Carleman vs quadratic-force nonlinear,Carleman truncation,9.34329553779192e-07,7.563327414452133e-07,5.163878854012177e-05,4.162754083719181e-05
0.066,Continuous K=2 Carleman vs quadratic-force nonlinear,Carleman truncation,1.0460057046355383e-06,8.462806823489803e-07,5.583807542817315e-05,4.4975615071666486e-05
0.068,Continuous K=2 Carleman vs quadratic-force nonlinear,Carleman truncation,1.1663554879159412e-06,9.431317862278082e-07,6.017489164020229e-05,4.8427573666771905e-05
0.07,Continuous K=2 Carleman vs quadratic-force nonlinear,Carleman truncation,1.2956352162367141e-06,1.0470775209090414e-06,6.463986416038736e-05,5.197533669780112e-05
0.07200000000000001,Continuous K=2 Carleman vs quadratic-force nonlinear,Carleman truncation,1.4340808272496515e-06,1.1582918866314105e-06,6.922280550647475e-05,5.561018067407112e-05
0.074,Continuous K=2 Carleman vs quadratic-force nonlinear,Carleman truncation,1.5819063154147092e-06,1.2769301845646273e-06,7.391274408253407e-05,5.932276746345439e-05
0.076,Continuous K=2 Carleman vs quadratic-force nonlinear,Carleman truncation,1.7393022102784542e-06,1.4031278351180427e-06,7.869794743187164e-05,6.31031692301182e-05
0.078,Continuous K=2 Carleman vs quadratic-force nonlinear,Carleman truncation,1.906434118162945e-06,1.5369992579433247e-06,8.356595394224536e-05,6.694089933709158e-05
0.08,Continuous K=2 Carleman vs quadratic-force nonlinear,Carleman truncation,2.083441374683276e-06,1.6786368449158566e-06,8.850362826016284e-05,7.082495896793411e-05
0.082,Continuous K=2 Carleman vs quadratic-force nonlinear,Carleman truncation,2.270435735632001e-06,1.8281099801626239e-06,9.349718047436256e-05,7.474386064892432e-05
0.084,Continuous K=2 Carleman vs quadratic-force nonlinear,Carleman truncation,2.4675001665621678e-06,1.985464146859232e-06,9.853221546508167e-05,7.868567172534151e-05
0.08600000000000001,Continuous K=2 Carleman vs quadratic-force nonlinear,Carleman truncation,2.674687723527684e-06,2.150720116067594e-06,0.00010359377848275647,8.263805545990966e-05
0.088,Continuous K=2 Carleman vs quadratic-force nonlinear,Carleman truncation,2.8920205225441663e-06,2.323873216637546e-06,0.00010866639950823931,8.658831162785712e-05
0.09,Continuous K=2 Carleman vs quadratic-force nonlinear,Carleman truncation,3.119488791108061e-06,2.504892682595455e-06,0.00011373413428194395,9.052341529019126e-05
0.092,Continuous K=2 Carleman vs quadratic-force nonlinear,Carleman truncation,3.3570500366109784e-06,2.6937210997486002e-06,0.0001187806227514604,9.44300665172804e-05
0.094,Continuous K=2 Carleman vs quadratic-force nonlinear,Carleman truncation,3.6046283089620837e-06,2.8902739373375468e-06,0.0001237891361755561,9.829473296525528e-05
0.096,Continuous K=2 Carleman vs quadratic-force nonlinear,Carleman truncation,3.862113561655181e-06,3.094439167705636e-06,0.0001287426263465452,0.00010210369393271067
0.098,Continuous K=2 Carleman vs quadratic-force nonlinear,Carleman truncation,4.129361124253182e-06,3.3060769816031597e-06,0.0001336237812989971,0.0001058430882650178
0.1,Continuous K=2 Carleman vs quadratic-force nonlinear,Carleman truncation,4.406191282822682e-06,3.525019596499603e-06,0.00013841507928474828,0.00010949896093728827
0.10200000000000001,Continuous K=2 Carleman vs quadratic-force nonlinear,Carleman truncation,4.692388965929061e-06,3.7510711565333618e-06,0.00014309884155318947,0.00011305730893124872
0.10400000000000001,Continuous K=2 Carleman vs quadratic-force nonlinear,Carleman truncation,4.987703540277385e-06,3.984007726059915e-06,0.00014765728717416188,0.0001165041281064065
0.106,Continuous K=2 Carleman vs quadratic-force nonlinear,Carleman truncation,5.291848724376519e-06,4.2235773802126605e-06,0.00015207259204956525,0.0001198254618429064
0.108,Continuous K=2 Carleman vs quadratic-force nonlinear,Carleman truncation,5.604502605468728e-06,4.46950038411975e-06,0.00015632694054610458,0.00012300744542162836
0.11,Continuous K=2 Carleman vs quadratic-force nonlinear,Carleman truncation,5.92530777201658e-06,4.721469466704375e-06,0.00016040258327392615,0.00012603635344793362
0.112,Continuous K=2 Carleman vs quadratic-force nonlinear,Carleman truncation,6.25387155478354e-06,4.979150183494604e-06,0.0001642818913834762,0.00012889864448619308
0.114,Continuous K=2 Carleman vs quadratic-force nonlinear,Carleman truncation,6.589766378246008e-06,5.242181368805914e-06,0.00016794741173123406,0.00013158100589974182
0.116,Continuous K=2 Carleman vs quadratic-force nonlinear,Carleman truncation,6.932530223945337e-06,5.510175677916942e-06,0.00017138192284966297,0.00013407039901833839
0.11800000000000001,Continuous K=2 Carleman vs quadratic-force nonlinear,Carleman truncation,7.281667197326942e-06,5.7827202108969824e-06,0.00017456848669079872,0.00013635410018905946
0.12,Continuous K=2 Carleman vs quadratic-force nonlinear,Carleman truncation,7.636648200803897e-06,6.059377219687677e-06,0.00017749050173847952,0.00013841974265834734
0.122,Continuous K=2 Carleman vs quadratic-force nonlinear,Carleman truncation,7.996911714256306e-06,6.33968489800458e-06,0.00018013175672620257,0.00014025535830285664
0.124,Continuous K=2 Carleman vs quadratic-force nonlinear,Carleman truncation,8.361864673123599e-06,6.6231582456842286e-06,0.00018247647943364642,0.00014184941522527966
0.126,Continuous K=2 Carleman vs quadratic-force nonlinear,Carleman truncation,8.730883441996837e-06,6.90929000469334e-06,0.0001845093844366208,0.0001431908540443765
0.128,Continuous K=2 Carleman vs quadratic-force nonlinear,Carleman truncation,9.10331489072276e-06,7.197551670427285e-06,0.00018621572436296197,0.0001442691261358909
0.13,Continuous K=2 Carleman vs quadratic-force nonlinear,Carleman truncation,9.478477566425038e-06,7.4873945725210564e-06,0.00018758133785113512,0.00014507422909998603
0.132,Continuous K=2 Carleman vs quadratic-force nonlinear,Carleman truncation,9.855662936251487e-06,7.778251005914937e-06,0.00018859268491322467,0.00014559673269363282
0.134,Continuous K=2 Carleman vs quadratic-force nonlinear,Carleman truncation,1.0234136733284008e-05,8.069535433652309e-06,0.00018923689851626374,0.00014582781583113218
0.136,Continuous K=2 Carleman vs quadratic-force nonlinear,Carleman truncation,1.0613140380010162e-05,8.360645742080794e-06,0.00018950182336308075,0.00014575929410243728
0.138,Continuous K=2 Carleman vs quadratic-force nonlinear,Carleman truncation,1.0991892480985942e-05,8.650964541691863e-06,0.0001893760504878897,0.00014538364418550682
0.14,Continuous K=2 Carleman vs quadratic-force nonlinear,Carleman truncation,1.136959038924596e-05,8.93986051503047e-06,0.00018884895413000952,0.00014469402943458786
0.14200000000000002,Continuous K=2 Carleman vs quadratic-force nonlinear,Carleman truncation,1.174541185800914e-05,9.22668981812514e-06,0.00018791073438158973,0.00014368432930834626
0.14400000000000002,Continuous K=2 Carleman vs quadratic-force nonlinear,Carleman truncation,1.2118516740298318e-05,9.510797509178637e-06,0.00018655244114459263,0.0001423491561163405
0.146,Continuous K=2 Carleman vs quadratic-force nonlinear,Carleman truncation,1.2488048740086355e-05,9.791519005419931e-06,0.0001847659998940182,0.00014068387311281136
0.148,Continuous K=2 Carleman vs quadratic-force nonlinear,Carleman truncation,1.2853137238721425e-05,1.0068181582678282e-05,0.00018254424931753166,0.00013868462118429395
0.15,Continuous K=2 Carleman vs quadratic-force nonlinear,Carleman truncation,1.3212899160287318e-05,1.0340105892384358e-05,0.00017988096078294658,0.0001363483341120236
0.152,Continuous K=2 Carleman vs quadratic-force nonlinear,Carleman truncation,1.3566440870633849e-05,1.0606607491454376e-05,0.00017677085517326524,0.00013367275345635925
0.154,Continuous K=2 Carleman vs quadratic-force nonlinear,Carleman truncation,1.3912860122829336e-05,1.086699839200246e-05,0.00017320962609774365,0.00013065644967130878
0.156,Continuous K=2 Carleman vs quadratic-force nonlinear,Carleman truncation,1.4251248060645656e-05,1.112058863745955e-05,0.00016919396890816008,0.00012729885022242136
0.158,Continuous K=2 Carleman vs quadratic-force nonlinear,Carleman truncation,1.4580691209855993e-05,1.1366687858520097e-05,0.00016472157460516862,0.00012360024858632256
0.16,Continuous K=2 Carleman vs quadratic-force nonlinear,Carleman truncation,1.4900273507306196e-05,1.1604606840230624e-05,0.00015979114872510108,0.0001195618362812049
0.162,Continuous K=2 Carleman vs quadratic-force nonlinear,Carleman truncation,1.5209078364089926e-05,1.1833659096890582e-05,0.00015440242839186158,0.00011518574301793128
0.164,Continuous K=2 Carleman vs quadratic-force nonlinear,Carleman truncation,1.5506190727491292e-05,1.2053162431340296e-05,0.00014855618170068335,0.0001104750788700428
0.166,Continuous K=2 Carleman vs quadratic-force nonlinear,Carleman truncation,1.5790699138555978e-05,1.2262440475941924e-05,0.00014225420553234253,0.00010543399600221174
0.168,Continuous K=2 Carleman vs quadratic-force nonlinear,Carleman truncation,1.606169780381337e-05,1.2460824226237703e-05,0.00013549933262869268,0.00010006778806969486
0.17,Continuous K=2 Carleman vs quadratic-force nonlinear,Carleman truncation,1.631828869602149e-05,1.2647653576257079e-05,0.00012829544610405696,9.438304417936201e-05
0.17200000000000001,Continuous K=2 Carleman vs quadratic-force nonlinear,Carleman truncation,1.6559583590511177e-05,1.2822278795769167e-05,0.00012064744724483989,8.838785125917204e-05
0.17400000000000002,Continuous K=2 Carleman vs quadratic-force nonlinear,Carleman truncation,1.6784706109313104e-05,1.2984061994768856e-05,0.00011256125940096312,8.20921531333241e-05
0.176,Continuous K=2 Carleman vs quadratic-force nonlinear,Carleman truncation,1.6992793769514056e-05,1.313237857261036e-05,0.00010404383010047605,7.55083382695719e-05
0.178,Continuous K=2 Carleman vs quadratic-force nonlinear,Carleman truncation,1.718299999292367e-05,1.3266618624519019e-05,9.510311170480776e-05,6.865222929120854e-05
0.18,Continuous K=2 Carleman vs quadratic-force nonlinear,Carleman truncation,1.7354496071983645e-05,1.3386188302393206e-05,8.5748039529987e-05,6.154486593340455e-05
0.182,Continuous K=2 Carleman vs quadratic-force nonlinear,Carleman truncation,1.7506473112798536e-05,1.3490511142735124e-05,7.598852040744536e-05,5.421591406522193e-05
0.184,Continuous K=2 Carleman vs quadratic-force nonlinear,Carleman truncation,1.7638143981445198e-05,1.3579029378122737e-05,6.583543432333097e-05,4.6710639805997684e-05
0.186,Continuous K=2 Carleman vs quadratic-force nonlinear,Carleman truncation,1.774874517586518e-05,1.365120518404842e-05,5.5300597209990976e-05,3.91054047421502e-05
0.188,Continuous K=2 Carleman vs quadratic-force nonlinear,Carleman truncation,1.783753861558067e-05,1.3706521856301935e-05,4.439671985774496e-05,3.1545978932552225e-05
0.19,Continuous K=2 Carleman vs quadratic-force nonlinear,Carleman truncation,1.7903813451013682e-05,1.374448498292433e-05,3.313741771650627e-05,2.4353579723581008e-05
0.192,Continuous K=2 Carleman vs quadratic-force nonlinear,Carleman truncation,1.7946887800531462e-05,1.376462355344731e-05,2.327289066507421e-05,1.8334757940526247e-05
0.194,Continuous K=2 Carleman vs quadratic-force nonlinear,Carleman truncation,1.7966110410207355e-05,1.3766491003339702e-05,2.1721497290086433e-05,1.5393260283427532e-05
0.196,Continuous K=2 Carleman vs quadratic-force nonlinear,Carleman truncation,1.796086224705503e-05,1.3749666200698214e-05,2.2667654828036066e-05,1.7535233182046857e-05
0.198,Continuous K=2 Carleman vs quadratic-force nonlinear,Carleman truncation,1.7930558056027807e-05,1.371375439436278e-05,3.3391843103081076e-05,2.3645222043179922e-05
0.2,Continuous K=2 Carleman vs quadratic-force nonlinear,Carleman truncation,1.7874647900639577e-05,1.3658388136409501e-05,4.4266235239946716e-05,3.165985792592727e-05
0.202,Continuous K=2 Carleman vs quadratic-force nonlinear,Carleman truncation,1.7792618525443518e-05,1.3583228080253992e-05,5.5274114115405615e-05,4.058227665137752e-05
0.20400000000000001,Continuous K=2 Carleman vs quadratic-force nonlinear,Carleman truncation,1.768399468981153e-05,1.3487963746972646e-05,6.639860548657284e-05,5.0015488421986146e-05
0.20600000000000002,Continuous K=2 Carleman vs quadratic-force nonlinear,Carleman truncation,1.75483404662646e-05,1.3372314256912351e-05,7.762271613150074e-05,5.978226330029617e-05
0.20800000000000002,Continuous K=2 Carleman vs quadratic-force nonlinear,Carleman truncation,1.7385260447446566e-05,1.3236028992495076e-05,8.892938252881566e-05,6.978971043184153e-05
0.21,Continuous K=2 Carleman vs quadratic-force nonlinear,Carleman truncation,1.719440084466204e-05,1.3078888183427914e-05,0.00010030152021792138,7.998119694882577e-05
0.212,Continuous K=2 Carleman vs quadratic-force nonlinear,Carleman truncation,1.6975450497139395e-05,1.2900703426992663e-05,0.00011172206855893096,9.031737154684883e-05
0.214,Continuous K=2 Carleman vs quadratic-force nonlinear,Carleman truncation,1.6728141825349784e-05,1.2701318164885259e-05,0.00012365433589480584,0.00010076783017130749
0.216,Continuous K=2 Carleman vs quadratic-force nonlinear,Carleman truncation,1.6452251762889315e-05,1.248060813900672e-05,0.0001379450312302341,0.00011130710394921666
0.218,Continuous K=2 Carleman vs quadratic-force nonlinear,Carleman truncation,1.614760255398348e-05,1.2238481758896622e-05,0.00015232460445291623,0.00012191261263680463
0.22,Continuous K=2 Carleman vs quadratic-force nonlinear,Carleman truncation,1.5814062330635724e-05,1.1974880329971056e-05,0.0001667701116738786,0.0001325635783457067
0.222,Continuous K=2 Carleman vs quadratic-force nonlinear,Carleman truncation,1.545154582104774e-05,1.1689778359328807e-05,0.00018125825479399157,0.00014324032292103108
0.224,Continuous K=2 Carleman vs quadratic-force nonlinear,Carleman truncation,1.5060014857773765e-05,1.1383183739240088e-05,0.00019576548163698733,0.00015392392059159952
0.226,Continuous K=2 Carleman vs quadratic-force nonlinear,Carleman truncation,1.4639478805099186e-05,1.105513788455777e-05,0.00021026802633728955,0.00016459596788567617
0.228,Continuous K=2 Carleman vs quadratic-force nonlinear,Carleman truncation,1.4189994896975089e-05,1.0705715822997697e-05,0.00022474195406204842,0.0001752384453899812
0.23,Continuous K=2 Carleman vs quadratic-force nonlinear,Carleman truncation,1.371166851175682e-05,1.0335026259926049e-05,0.00023916319260913386,0.00018583362706851592
0.232,Continuous K=2 Carleman vs quadratic-force nonlinear,Carleman truncation,1.320465335388158e-05,9.94321160750778e-06,0.0002535075789376199,0.00019636403309954283
0.234,Continuous K=2 Carleman vs quadratic-force nonlinear,Carleman truncation,1.266915149977961e-05,9.53044796375129e-06,0.0002677509270509848,0.00020681241804611976
0.23600000000000002,Continuous K=2 Carleman vs quadratic-force nonlinear,Carleman truncation,1.2105413413443337e-05,9.096945122859722e-06,0.0002818690431681363,0.00021716174371696665
0.23800000000000002,Continuous K=2 Carleman vs quadratic-force nonlinear,Carleman truncation,1.1513737852575368e-05,8.642946594946033e-06,0.000295837780433985,0.00022739518540029478
0.24,Continuous K=2 Carleman vs quadratic-force nonlinear,Carleman truncation,1.0894471678466258e-05,8.168729684714177e-06,0.00030963308705455467,0.0002374961415928899
0.242,Continuous K=2 Carleman vs quadratic-force nonlinear,Carleman truncation,1.0248009580961052e-05,7.67460570393294e-06,0.00032323104875260286,0.0002474482455645748
0.244,Continuous K=2 Carleman vs quadratic-force nonlinear,Carleman truncation,9.574793742190071e-06,7.160920446922713e-06,0.00033660791938549053,0.0002572353737240495
0.246,Continuous K=2 Carleman vs quadratic-force nonlinear,Carleman truncation,8.875313403477851e-06,6.628055109354679e-06,0.00034974016935611016,0.00026684166720385697
0.248,Continuous K=2 Carleman vs quadratic-force nonlinear,Carleman truncation,8.150104322084128e-06,6.076428014017595e-06,0.0003626045406968613,0.00027625155953280993
0.25,Continuous K=2 Carleman vs quadratic-force nonlinear,Carleman truncation,7.399748189540652e-06,5.506497909386294e-06,0.0003751780662717384,0.00028544978472112896
0.252,Continuous K=2 Carleman vs quadratic-force nonlinear,Carleman truncation,6.62487195264138e-06,4.918770296283081e-06,0.00038743811844963415,0.0002944214040966187
0.254,Continuous K=2 Carleman vs quadratic-force nonlinear,Carleman truncation,5.826147049809403e-06,4.313810116336274e-06,0.00039936245141598825,0.00030315183046134795
0.256,Continuous K=2 Carleman vs quadratic-force nonlinear,Carleman truncation,5.004288575931673e-06,3.692268967150645e-06,0.0004109292369388652,0.0003116268492436626
0.258,Continuous K=2 Carleman vs quadratic-force nonlinear,Carleman truncation,4.160054394583904e-06,3.0549494713662576e-06,0.0004221170906738847,0.0003198326348397995
0.26,Continuous K=2 Carleman vs quadratic-force nonlinear,Carleman truncation,3.2942441555890156e-06,2.402980772850069e-06,0.000432905119497444,0.0003277557802232331
0.262,Continuous K=2 Carleman vs quadratic-force nonlinear,Carleman truncation,2.407698240812668e-06,1.738412896463748e-06,0.0004432729573881737,0.00033538332043726204
0.264,Continuous K=2 Carleman vs quadratic-force nonlinear,Carleman truncation,1.5012966660772273e-06,1.067121006533521e-06,0.00045320078736772046,0.0003427027483782781
0.266,Continuous K=2 Carleman vs quadratic-force nonlinear,Carleman truncation,5.759579076083238e-07,4.3014682430988625e-07,0.00046266937923445176,0.00034970204075641573
0.268,Continuous K=2 Carleman vs quadratic-force nonlinear,Carleman truncation,6.608024924616802e-07,4.682314761743012e-07,0.00047166012344867364,0.0003563696824300557
0.27,Continuous K=2 Carleman vs quadratic-force nonlinear,Carleman truncation,1.4534283129937972e-06,1.1388565236391642e-06,0.00048015505779708256,0.0003626946870643967
0.272,Continuous K=2 Carleman vs quadratic-force nonlinear,Carleman truncation,2.3039462262210153e-06,1.8630191429317585e-06,0.00048813688566890986,0.00036866661349309234
0.274,Continuous K=2 Carleman vs quadratic-force nonlinear,Carleman truncation,3.2951242526623598e-06,2.605755972969989e-06,0.0004955890132206722,0.00037427559424986457
0.276,Continuous K=2 Carleman vs quadratic-force nonlinear,Carleman truncation,4.300115404659403e-06,3.3615289010040578e-06,0.0005024955759985184,0.0003795123585823091
0.278,Continuous K=2 Carleman vs quadratic-force nonlinear,Carleman truncation,5.317798306154163e-06,4.128210620749605e-06,0.0005088414507473799,0.00038436824736166593
0.28,Continuous K=2 Carleman vs quadratic-force nonlinear,Carleman truncation,6.3470228710751225e-06,4.904488663948243e-06,0.0005146122824604797,0.0003888352382013488
0.28200000000000003,Continuous K=2 Carleman vs quadratic-force nonlinear,Carleman truncation,7.386611885008658e-06,5.689318462786314e-06,0.0005197945069667677,0.00039290596895555715
0.28400000000000003,Continuous K=2 Carleman vs quadratic-force nonlinear,Carleman truncation,8.435362620804257e-06,6.4817595239281975e-06,0.0005243753678977961,0.000396573758890491
0.28600000000000003,Continuous K=2 Carleman vs quadratic-force nonlinear,Carleman truncation,9.492048473202716e-06,7.280915057491596e-06,0.0005283429261992295,0.00039983262656052984
0.28800000000000003,Continuous K=2 Carleman vs quadratic-force nonlinear,Carleman truncation,1.0555420629426021e-05,8.085906621519192e-06,0.0005316860781116525,0.00040267731427143705
0.29,Continuous K=2 Carleman vs quadratic-force nonlinear,Carleman truncation,1.1624209787429625e-05,8.895862622912143e-06,0.0005343945790017984,0.00040510331763882266
0.292,Continuous K=2 Carleman vs quadratic-force nonlinear,Carleman truncation,1.2697127866070045e-05,9.709912942559e-06,0.0005364590393202098,0.0004071068998141214
0.294,Continuous K=2 Carleman vs quadratic-force nonlinear,Carleman truncation,1.3772869747715258e-05,1.052718654955218e-05,0.0005378709408226032,0.0004086851199492424
0.296,Continuous K=2 Carleman vs quadratic-force nonlinear,Carleman truncation,1.4850115039135615e-05,1.1346810672780313e-05,0.0005386226457101823,0.0004098358595682733
0.298,Continuous K=2 Carleman vs quadratic-force nonlinear,Carleman truncation,1.5927529844478837e-05,1.2167910834646324e-05,0.0005387074026716107,0.00041055784936324703
0.3,Continuous K=2 Carleman vs quadratic-force nonlinear,Carleman truncation,1.7003768539330076e-05,1.2989611383030672e-05,0.0005381193474256196,0.00041085069524477856
0.0,Backward Euler K=2 vs continuous K=2 Carleman,Time discretization,0.0,0.0,0.0,0.0
0.002,Backward Euler K=2 vs continuous K=2 Carleman,Time discretization,1.3159191879011378e-06,1.0741980573116281e-06,0.0006579595939505684,0.0005370990286558136
0.004,Backward Euler K=2 vs continuous K=2 Carleman,Time discretization,2.6282316240872766e-06,2.1448332654732687e-06,0.000656156218093069,0.0005353177387076467
0.006,Backward Euler K=2 vs continuous K=2 Carleman,Time discretization,3.934706953570913e-06,3.209703811300757e-06,0.0006532376647418177,0.0005324360860320061
0.008,Backward Euler K=2 vs continuous K=2 Carleman,Time discretization,5.233125306652528e-06,4.266620162024383e-06,0.0006492091765408076,0.0005284609203328098
0.01,Backward Euler K=2 vs continuous K=2 Carleman,Time discretization,6.5212806058759926e-06,5.3134090602752375e-06,0.0006440776496117314,0.000523401420034712
0.012,Backward Euler K=2 vs continuous K=2 Carleman,Time discretization,7.796983842678351e-06,6.347917513532578e-06,0.0006378516184011784,0.0005172691353863173
0.014,Backward Euler K=2 vs continuous K=2 Carleman,Time discretization,9.058066317423064e-06,7.368016778916647e-06,0.0006305412373723545,0.0005100780495958427
0.016,Backward Euler K=2 vs continuous K=2 Carleman,Time discretization,1.030238283656476e-05,8.371606344728163e-06,0.0006221582595708486,0.0005018446620846539
0.018000000000000002,Backward Euler K=2 vs continuous K=2 Carleman,Time discretization,1.1527814860792449e-05,9.356617910800152e-06,0.0006127160121138439,0.0004925880994926239
0.02,Backward Euler K=2 vs continuous K=2 Carleman,Time discretization,1.2732273598161162e-05,1.0321019370565775e-05,0.0006022293686843549,0.00048233026211262723
0.022,Backward Euler K=2 vs continuous K=2 Carleman,Time discretization,1.39137030363886e-05,1.1262818798752797e-05,0.0005907147191137191,0.0004710960161624451
0.024,Backward Euler K=2 vs continuous K=2 Carleman,Time discretization,1.5070082908592158e-05,1.2180068449785852e-05,0.0005781899361017792,0.0004589134460190652
0.026000000000000002,Backward Euler K=2 vs continuous K=2 Carleman,Time discretization,1.619943158691871e-05,1.3070868773402214e-05,0.000564674339163275,0.0004458141857253349
0.028,Backward Euler K=2 vs continuous K=2 Carleman,Time discretization,1.7299808898797037e-05,1.393337245571279e-05,0.0005501886559391607,0.0004318338563485281
0.03,Backward Euler K=2 vs continuous K=2 Carleman,Time discretization,1.8369318860627856e-05,1.4765788495889231e-05,0.0005347549809154098,0.0004170126460056551
0.032,Backward Euler K=2 vs continuous K=2 Carleman,Time discretization,1.94061123239761e-05,1.5566386331036853e-05,0.0005183967316741214,0.00040139608412469076
0.034,Backward Euler K=2 vs continuous K=2 Carleman,Time discretization,2.040838952959735e-05,1.6333500024622972e-05,0.0005011386028106225,0.0003850360827907047
0.036000000000000004,Backward Euler K=2 vs continuous K=2 Carleman,Time discretization,2.137440256480376e-05,1.706553253711063e-05,0.00048300651760320445,0.00036799234900358594
0.038,Backward Euler K=2 vs continuous K=2 Carleman,Time discretization,2.230245771992108e-05,1.7760960101364557e-05,0.0004640275775586594,0.0003503343170948259
0.04,Backward Euler K=2 vs continuous K=2 Carleman,Time discretization,2.3190917739902492e-05,1.841833673006653e-05,0.0004442300099907065,0.0003321438171847451
0.042,Backward Euler K=2 vs continuous K=2 Carleman,Time discretization,2.4038203967320995e-05,1.9036298887858662e-05,0.0004236431137092517,0.0003135187927777694
0.044,Backward Euler K=2 vs continuous K=2 Carleman,Time discretization,2.484279837339405e-05,1.961357036757908e-05,0.00040229720303652794,0.00029457852018818125
0.046,Backward Euler K=2 vs continuous K=2 Carleman,Time discretization,2.5603245473734132e-05,2.0148967417704492e-05,0.00038022355017004045,0.00027547097454819116
0.048,Backward Euler K=2 vs continuous K=2 Carleman,Time discretization,2.6318154126063475e-05,2.064140417761347e-05,0.00035745432616467177,0.00025638322778464315
0.05,Backward Euler K=2 vs continuous K=2 Carleman,Time discretization,2.6986199207211167e-05,2.1089898488436356e-05,0.0003340225405738459,0.0002375559945129871
0.052000000000000005,Backward Euler K=2 vs continuous K=2 Carleman,Time discretization,2.7606123167120064e-05,2.1493578160793616e-05,0.0003099619799544484,0.00021930344705549216
0.054,Backward Euler K=2 vs continuous K=2 Carleman,Time discretization,2.8176737457853013e-05,2.1851687796911474e-05,0.00028530714536647434,0.000202038590719447
0.056,Backward Euler K=2 vs continuous K=2 Carleman,Time discretization,2.869692383587058e-05,2.2163596284069986e-05,0.00026009318900878375,0.00018630140038152044
0.058,Backward Euler K=2 vs continuous K=2 Carleman,Time discretization,2.9165635536199455e-05,2.2428805099783227e-05,0.00023435585016443744,0.00017277904537391355
0.06,Backward Euler K=2 vs continuous K=2 Carleman,Time discretization,2.95818983173865e-05,2.264695759726609e-05,0.0002081313905935231,0.00016229296787262533
0.062,Backward Euler K=2 vs continuous K=2 Carleman,Time discretization,2.9944811376372837e-05,2.2817849473535905e-05,0.00019877952887761732,0.00015571326158912238
0.064,Backward Euler K=2 vs continuous K=2 Carleman,Time discretization,3.0253548132939262e-05,2.294144066311695e-05,0.0002098427534298966,0.00015377579315233579
0.066,Backward Euler K=2 vs continuous K=2 Carleman,Time discretization,3.050735688336567e-05,2.301786894854613e-05,0.00022101743271338422,0.00015685523432314212
0.068,Backward Euler K=2 vs continuous K=2 Carleman,Time discretization,3.070556132353519e-05,2.304746563636296e-05,0.00023228270436746095,0.00016483683464501588
0.07,Backward Euler K=2 vs continuous K=2 Carleman,Time discretization,3.084756094186292e-05,2.3030773714632932e-05,0.00024361728277099088,0.00017718836075582644
0.07200000000000001,Backward Euler K=2 vs continuous K=2 Carleman,Time discretization,3.093283128266337e-05,2.2968568986203664e-05,0.0002549994806903071,0.00019316753798426817
0.074,Backward Euler K=2 vs continuous K=2 Carleman,Time discretization,3.096092408114669e-05,2.2861884760861553e-05,0.0002664072318906618,0.00021201894914616793
0.076,Backward Euler K=2 vs continuous K=2 Carleman,Time discretization,3.09314672711173e-05,2.2712040787248462e-05,0.00029254651973077,0.00023308317326909875
0.078,Backward Euler K=2 vs continuous K=2 Carleman,Time discretization,3.0844164867040516e-05,2.2520677208056262e-05,0.0003328605786528521,0.0002558278430138509
0.08,Backward Euler K=2 vs continuous K=2 Carleman,Time discretization,3.0698796722352165e-05,2.2289794420118115e-05,0.0003732420320263774,0.00027983785541582624
0.082,Backward Euler K=2 vs continuous K=2 Carleman,Time discretization,3.0495218165952492e-05,2.202179979794184e-05,0.00041362980526404164,0.00030479238140072916
0.084,Backward Euler K=2 vs continuous K=2 Carleman,Time discretization,3.0233359519439562e-05,2.1719562266365313e-05,0.00045396281366850283,0.00033044180516916
0.08600000000000001,Backward Euler K=2 vs continuous K=2 Carleman,Time discretization,2.9913225497523767e-05,2.1386475637122632e-05,0.0004941800491387593,0.0003565888815081913
0.088,Backward Euler K=2 vs continuous K=2 Carleman,Time discretization,2.953489449455341e-05,2.1026531380262625e-05,0.0005342206663794327,0.0003830745680928952
0.09,Backward Euler K=2 vs continuous K=2 Carleman,Time discretization,2.9098517760207943e-05,2.064440096951295e-05,0.0005740240684619993,0.0004097677557896681
0.092,Backward Euler K=2 vs continuous K=2 Carleman,Time discretization,2.8604318467645266e-05,2.02455269550786e-05,0.0006135299916115791,0.00043655793192423593
0.094,Backward Euler K=2 vs continuous K=2 Carleman,Time discretization,2.805259067760902e-05,1.983622025284333e-05,0.0006526785890895101,0.00046334995518092784
0.096,Backward Euler K=2 vs continuous K=2 Carleman,Time discretization,2.7443698202188165e-05,1.942375851867462e-05,0.0006914105140415211,0.000490060323409367
0.098,Backward Euler K=2 vs continuous K=2 Carleman,Time discretization,2.677807337212422e-05,1.9016476616726252e-05,0.0007296670011850623,0.0005166144915919462
0.1,Backward Euler K=2 vs continuous K=2 Carleman,Time discretization,2.6056215711694163e-05,1.862383491783459e-05,0.0007673899472121493,0.0005429449300475718
0.10200000000000001,Backward Euler K=2 vs continuous K=2 Carleman,Time discretization,2.5278690525417334e-05,1.8256444650496835e-05,0.0008045219897887187,0.0005689897075167922
0.10400000000000001,Backward Euler K=2 vs continuous K=2 Carleman,Time discretization,2.444612740091362e-05,1.7926022671945665e-05,0.0008410065850323403,0.0005946914494409084
0.106,Backward Euler K=2 vs continuous K=2 Carleman,Time discretization,2.3559218632423183e-05,1.7645242931841508e-05,0.0008767880833513084,0.0006199965668710365
0.108,Backward Euler K=2 vs continuous K=2 Carleman,Time discretization,2.2618717569594313e-05,1.7427452181655825e-05,0.0009118118035466166,0.0006448546824488649
0.11,Backward Euler K=2 vs continuous K=2 Carleman,Time discretization,2.1625436896226605e-05,1.7286227866948482e-05,0.0009460241050447196,0.00066921820124003
0.112,Backward Euler K=2 vs continuous K=2 Carleman,Time discretization,2.1599260199948008e-05,1.723478062483077e-05,0.000979372458191588,0.0006930419890234681
0.114,Backward Euler K=2 vs continuous K=2 Carleman,Time discretization,2.252669772590839e-05,1.7285242141450718e-05,0.0010118055124807013,0.0007162831309857047
0.116,Backward Euler K=2 vs continuous K=2 Carleman,Time discretization,2.346706683672528e-05,1.7447923014340094e-05,0.001043273162635791,0.0007389007510608575
0.11800000000000001,Backward Euler K=2 vs continuous K=2 Carleman,Time discretization,2.4419370709008437e-05,1.7730657900442093e-05,0.0010737266124538833,0.0007608558773628752
0.12,Backward Euler K=2 vs continuous K=2 Carleman,Time discretization,2.5382567516300564e-05,1.8138357664415495e-05,0.0011031184363190435,0.0007821113428736956
0.122,Backward Euler K=2 vs continuous K=2 Carleman,Time discretization,2.6355571250159142e-05,1.867285138611656e-05,0.0011314026383143147,0.0008026317132704434
0.124,Backward Euler K=2 vs continuous K=2 Carleman,Time discretization,2.7337252619195364e-05,1.9333034899317485e-05,0.0011585347088470949,0.0008223832357456401
0.126,Backward Euler K=2 vs continuous K=2 Carleman,Time discretization,2.8326440025995255e-05,2.0115272952513093e-05,0.0011844716787225498,0.0008413338041418952
0.128,Backward Euler K=2 vs continuous K=2 Carleman,Time discretization,2.9321920621689138e-05,2.1013955990754126e-05,0.001209172170593166,0.0008594529368144876
0.13,Backward Euler K=2 vs continuous K=2 Carleman,Time discretization,3.032244143777934e-05,2.2022102535367648e-05,0.0012325964477261572,0.0008767117644587432
0.132,Backward Euler K=2 vs continuous K=2 Carleman,Time discretization,3.132671059466653e-05,2.3131918585424593e-05,0.0012547064600337138,0.0008930830257553418
0.134,Backward Euler K=2 vs continuous K=2 Carleman,Time discretization,3.233339858615096e-05,2.433526044105412e-05,0.0012754658873072658,0.0009085410691817029
0.136,Backward Euler K=2 vs continuous K=2 Carleman,Time discretization,3.334113963901681e-05,2.5623981441282094e-05,0.0012948401796300732,0.000923061859695691
0.138,Backward Euler K=2 vs continuous K=2 Carleman,Time discretization,3.434853314663244e-05,2.699016763011011e-05,0.0013127965948962206,0.0009366229892933794
0.14,Backward Euler K=2 vs continuous K=2 Carleman,Time discretization,3.535414517533131e-05,2.8426280567582854e-05,0.0013293042334262123,0.0009492036906807605
0.14200000000000002,Backward Euler K=2 vs continuous K=2 Carleman,Time discretization,3.6938110942205324e-05,2.9925229723603505e-05,0.0013443340696407818,0.0009607848534798986
0.14400000000000002,Backward Euler K=2 vs continuous K=2 Carleman,Time discretization,3.965382890376134e-05,3.148039563186551e-05,0.0013578589807780109,0.000971349042553302
0.146,Backward Euler K=2 vs continuous K=2 Carleman,Time discretization,4.23935364489824e-05,3.3085621218052394e-05,0.0013698537726105284,0.0009808805181371262
0.148,Backward Euler K=2 vs continuous K=2 Carleman,Time discretization,4.51541268533329e-05,3.4735184382014e-05,0.0013802952021752454,0.0009893652576243542
0.15,Backward Euler K=2 vs continuous K=2 Carleman,Time discretization,4.7932450848327084e-05,3.642376100339636e-05,0.0013891619974970917,0.0009967909788906287
0.152,Backward Euler K=2 vs continuous K=2 Carleman,Time discretization,5.072532059693935e-05,3.814638442317829e-05,0.0013964348743061294,0.0010031471651892835
0.154,Backward Euler K=2 vs continuous K=2 Carleman,Time discretization,5.352951369643529e-05,3.989840515685206e-05,0.0014020965497479679,0.001008425091693045
0.156,Backward Euler K=2 vs continuous K=2 Carleman,Time discretization,5.634177720262052e-05,4.1675452997332127e-05,0.001406131753092614,0.0010126178538552692
0.158,Backward Euler K=2 vs continuous K=2 Carleman,Time discretization,5.915883166957448e-05,4.347340260604565e-05,0.0014085272334769805,0.001015720397860688
0.16,Backward Euler K=2 vs continuous K=2 Carleman,Time discretization,6.197737519890358e-05,4.528834301894162e-05,0.0014092717646645506,0.0010177295534943363
0.162,Backward Euler K=2 vs continuous K=2 Carleman,Time discretization,6.479408749265631e-05,4.711655108941598e-05,0.0014083561468763647,0.0010186440698695264
0.164,Backward Euler K=2 vs continuous K=2 Carleman,Time discretization,6.760563390406822e-05,4.895446866219942e-05,0.0014057732057059513,0.001018464654557675
0.166,Backward Euler K=2 vs continuous K=2 Carleman,Time discretization,7.040866948038443e-05,5.079868315743787e-05,0.0014015177881580992,0.0010171940167569451
0.168,Backward Euler K=2 vs continuous K=2 Carleman,Time discretization,7.319984299208621e-05,5.2645911199203725e-05,0.001395586755850893,0.0010148369152857713
0.17,Backward Euler K=2 vs continuous K=2 Carleman,Time discretization,7.597580094293333e-05,5.44929849188673e-05,0.0013879789754235594,0.0010114002123140487
0.17200000000000001,Backward Euler K=2 vs continuous K=2 Carleman,Time discretization,7.873319155531685e-05,5.633684058277863e-05,0.0013786953061917552,0.0010068929339103574
0.17400000000000002,Backward Euler K=2 vs continuous K=2 Carleman,Time discretization,8.146866872554143e-05,5.8174509224070194e-05,0.0013677385851122853,0.001001326338686347
0.176,Backward Euler K=2 vs continuous K=2 Carleman,Time discretization,8.417889594376348e-05,6.000310899311041e-05,0.0013551136091110236,0.0009947139960212244
0.178,Backward Euler K=2 vs continuous K=2 Carleman,Time discretization,8.686055017342788e-05,6.18198389761798e-05,0.0013408271148321986,0.0009870718756198956
0.18,Backward Euler K=2 vs continuous K=2 Carleman,Time discretization,8.951032568520895e-05,6.362197426510688e-05,0.001324887755890531,0.0009784184504441956
0.182,Backward Euler K=2 vs continuous K=2 Carleman,Time discretization,9.21249378405091e-05,6.540686209076155e-05,0.001307306077650075,0.0009687748153886497
0.184,Backward Euler K=2 vs continuous K=2 Carleman,Time discretization,9.470112681985669e-05,6.717191886020073e-05,0.0012880944896737911,0.0009581648245104424
0.186,Backward Euler K=2 vs continuous K=2 Carleman,Time discretization,9.72356612915495e-05,6.891462796065914e-05,0.001267267235846404,0.0009466152500173934
0.188,Backward Euler K=2 vs continuous K=2 Carleman,Time discretization,9.972534201616642e-05,7.06325382139376e-05,0.001244840362308458,0.0009341559668067175
0.19,Backward Euler K=2 vs continuous K=2 Carleman,Time discretization,0.00010216700538267977,7.232326288214293e-05,0.001220831683256679,0.0009208201668904632
0.192,Backward Euler K=2 vs continuous K=2 Carleman,Time discretization,0.00010455752687203983,7.398447914061853e-05,0.001195260744680026,0.0009066446087226453
0.194,Backward Euler K=2 vs continuous K=2 Carleman,Time discretization,0.00010689382444437501,7.561392794665716e-05,0.0011681487861675902,0.0008916699071977811
0.196,Backward Euler K=2 vs continuous K=2 Carleman,Time discretization,0.00010917286184606526,7.720941424336223e-05,0.001139518700845124,0.0008759408708200335
0.198,Backward Euler K=2 vs continuous K=2 Carleman,Time discretization,0.00011139165183314103,7.87688074472383e-05,0.0011093949935378836,0.0008595068933566903
0.2,Backward Euler K=2 vs continuous K=2 Carleman,Time discretization,0.00011354725930764423,8.029004217594249e-05,0.0010778037372515988,0.0008424224080106968
0.202,Backward Euler K=2 vs continuous K=2 Carleman,Time discretization,0.00011563680436383044,8.177111917935401e-05,0.0010447725280931033,0.0008247474127432328
0.20400000000000001,Backward Euler K=2 vs continuous K=2 Carleman,Time discretization,0.00011765746524126323,8.321010644285838e-05,0.0010103304387163916,0.0008065480756050676
0.20600000000000002,Backward Euler K=2 vs continuous K=2 Carleman,Time discretization,0.00011960648118199569,8.460514043666201e-05,0.0009745079703662313,0.0007878974286004971
0.20800000000000002,Backward Euler K=2 vs continuous K=2 Carleman,Time discretization,0.0001214811551893671,8.595442748930311e-05,0.0009459580618725871,0.0007688761573327871
0.21,Backward Euler K=2 vs continuous K=2 Carleman,Time discretization,0.00012327885668601563,8.725624526717993e-05,0.0009360886316903058,0.0007495734907489237
0.212,Backward Euler K=2 vs continuous K=2 Carleman,Time discretization,0.00012499702406900716,8.85089443452403e-05,0.0009255504709504286,0.0007300881901162335
0.214,Backward Euler K=2 vs continuous K=2 Carleman,Time discretization,0.00012663316716015997,8.97109498568458e-05,0.0009143552136096911,0.0007105296275940589
0.216,Backward Euler K=2 vs continuous K=2 Carleman,Time discretization,0.00012818486954984006,9.086076321341214e-05,0.0009025146929526467,0.0006910189310682947
0.218,Backward Euler K=2 vs continuous K=2 Carleman,Time discretization,0.00012964979083274295,9.195696388676614e-05,0.0008900409218689995,0.0006716901514471431
0.22,Backward Euler K=2 vs continuous K=2 Carleman,Time discretization,0.00013102566873436292,9.299821124927954e-05,0.0008769460743593901,0.0006526913793741681
0.222,Backward Euler K=2 vs continuous K=2 Carleman,Time discretization,0.00013231032112708593,9.398324646883723e-05,0.0008632424683140197,0.0006341856985789418
0.224,Backward Euler K=2 vs continuous K=2 Carleman,Time discretization,0.0001335016479350271,9.491089445752555e-05,0.0008489425495826139,0.0006163518121233617
0.226,Backward Euler K=2 vs continuous K=2 Carleman,Time discretization,0.00013459763292696537,9.578006587470911e-05,0.0008340588773674273,0.000599384117551755
0.228,Backward Euler K=2 vs continuous K=2 Carleman,Time discretization,0.0001355963453969003,9.658975918684108e-05,0.0008186041109543227,0.0005834919440157591
0.23,Backward Euler K=2 vs continuous K=2 Carleman,Time discretization,0.00013649594173201478,9.73390627880519e-05,0.0008025909977950746,0.0005688976130336839
0.232,Backward Euler K=2 vs continuous K=2 Carleman,Time discretization,0.00013729466686796844,9.802715718716721e-05,0.0007860323629471366,0.0005558329685088949
0.234,Backward Euler K=2 vs continuous K=2 Carleman,Time discretization,0.000137990855631682,9.865331726848306e-05,0.0007689410998720433,0.0005445340741761157
0.23600000000000002,Backward Euler K=2 vs continuous K=2 Carleman,Time discretization,0.00013858293397197002,9.921691463528744e-05,0.0007513301625879723,0.0005352339336760087
0.23800000000000002,Backward Euler K=2 vs continuous K=2 Carleman,Time discretization,0.00013906942007853394,9.971742004681482e-05,0.0007332125591649613,0.0005281533731098979
0.24,Backward Euler K=2 vs continuous K=2 Carleman,Time discretization,0.00013944892539006788,0.0001001544059610873,0.0007146013465478065,0.0005234906248994033
0.242,Backward Euler K=2 vs continuous K=2 Carleman,Time discretization,0.0001397201554923554,0.00010052754919788592,0.0006955096266842709,0.0005214105927278873
0.244,Backward Euler K=2 vs continuous K=2 Carleman,Time discretization,0.00013988191090746633,0.00010083663373799551,0.0006759505439324145,0.0005220351271754527
0.246,Backward Euler K=2 vs continuous K=2 Carleman,Time discretization,0.0001399330877752871,0.00010108155367679115,0.0006559372837142488,0.000525435743158268
0.248,Backward Euler K=2 vs continuous K=2 Carleman,Time discretization,0.00013987267842882276,0.00010126231635227536,0.0006656877456121466,0.0005316299565874997
0.25,Backward Euler K=2 vs continuous K=2 Carleman,Time discretization,0.00013969977186483167,0.00010137904566974851,0.0007010544602302493,0.0005405818268198278
0.252,Backward Euler K=2 vs continuous K=2 Carleman,Time discretization,0.00013941355411156622,0.00010143198564747443,0.0007364137903284884,0.0005522065259102911
0.254,Backward Euler K=2 vs continuous K=2 Carleman,Time discretization,0.00013901330849546128,0.00010142150420985859,0.0007717304465657479,0.0005663780577393314
0.256,Backward Euler K=2 vs continuous K=2 Carleman,Time discretization,0.0001384984158088057,0.00010134809725690025,0.0008069691073225027,0.0005829388269833425
0.258,Backward Euler K=2 vs continuous K=2 Carleman,Time discretization,0.00013786835438059624,0.000101212393040875,0.0008420944723097831,0.0006017096908915943
0.26,Backward Euler K=2 vs continuous K=2 Carleman,Time discretization,0.0001371227000527891,0.00010101515688325723,0.0008770713159512306,0.0006224993580398174
0.262,Backward Euler K=2 vs continuous K=2 Carleman,Time discretization,0.0001362611260644032,0.00010075729626691071,0.000911864540333561,0.0006451123880598322
0.264,Backward Euler K=2 vs continuous K=2 Carleman,Time discretization,0.00013528340284599087,0.00010043986634020386,0.000946439227724867,0.0006693554515853878
0.266,Backward Euler K=2 vs continuous K=2 Carleman,Time discretization,0.00013418939772705685,0.0001000640758709977,0.0009807606923921408,0.0006950418341567521
0.268,Backward Euler K=2 vs continuous K=2 Carleman,Time discretization,0.00013297907455918877,9.963129368915159e-05,0.0010147945317096549,0.0007219943758233092
0.27,Backward Euler K=2 vs continuous K=2 Carleman,Time discretization,0.00013165249325765033,9.914305565601643e-05,0.0010485066763840298,0.0007500471372322863
0.272,Backward Euler K=2 vs continuous K=2 Carleman,Time discretization,0.00013020980926436738,9.860107219815926e-05,0.0010818634396661184,0.0007790461024198796
0.274,Backward Euler K=2 vs continuous K=2 Carleman,Time discretization,0.00012865127293522263,9.800723643972842e-05,0.0011148315654714025,0.0008088492005540349
0.276,Backward Euler K=2 vs continuous K=2 Carleman,Time discretization,0.000126977228854689,9.736363296311414e-05,0.0011473782752487519,0.0008393258793019439
0.278,Backward Euler K=2 vs continuous K=2 Carleman,Time discretization,0.00012518811508085807,9.667254722015855e-05,0.0011794713135363996,0.0008703564085820982
0.28,Backward Euler K=2 vs continuous K=2 Carleman,Time discretization,0.000123284462323992,9.593647560547559e-05,0.0012110789920313225,0.0009018310442794186
0.28200000000000003,Backward Euler K=2 vs continuous K=2 Carleman,Time discretization,0.00012126689306173576,9.515813618849043e-05,0.0012421702321389685,0.0009336491411610027
0.28400000000000003,Backward Euler K=2 vs continuous K=2 Carleman,Time discretization,0.00011913612059415938,9.434048008059344e-05,0.0012727146058463604,0.00096571827309006
0.28600000000000003,Backward Euler K=2 vs continuous K=2 Carleman,Time discretization,0.00011689294804185374,9.348670338707063e-05,0.0013026823748357869,0.0009979533959593471
0.28800000000000003,Backward Euler K=2 vs continuous K=2 Carleman,Time discretization,0.00011453826729023245,9.260025965871249e-05,0.0013320445277917592,0.0010302760729006123
0.29,Backward Euler K=2 vs continuous K=2 Carleman,Time discretization,0.00011250684060471047,9.168487271377561e-05,0.0013607728157221666,0.0010626137705331375
0.292,Backward Euler K=2 vs continuous K=2 Carleman,Time discretization,0.00011270984816222113,9.074454964530057e-05,0.001388839785316974,0.0010948992282655673
0.294,Backward Euler K=2 vs continuous K=2 Carleman,Time discretization,0.00011285930251958933,8.97835937602194e-05,0.001416218810179351,0.0011270698982934323
0.296,Backward Euler K=2 vs continuous K=2 Carleman,Time discretization,0.0001129550116714961,8.880661711328004e-05,0.0014428841199364828,0.0011590674516745339
0.298,Backward Euler K=2 vs continuous K=2 Carleman,Time discretization,0.00011299681662955605,8.781855219947653e-05,0.0014688108270770467,0.0011908373445769392
0.3,Backward Euler K=2 vs continuous K=2 Carleman,Time discretization,0.00011298459192586575,8.682466225268799e-05,0.0015000873034047152,0.00122232843848223
0.0,VQLS vs backward Euler K=2,VQLS/optimization,0.0,0.0,0.0,0.0
0.002,VQLS vs backward Euler K=2,VQLS/optimization,1.344266198784181e-08,1.0893827128431843e-08,6.721330993920754e-06,5.4469135642158595e-06
0.004,VQLS vs backward Euler K=2,VQLS/optimization,5.4244558817932606e-08,4.331701515520148e-08,2.040094841504513e-05,1.6234856164771563e-05
0.006,VQLS vs backward Euler K=2,VQLS/optimization,1.2910555180692051e-07,1.050264799670634e-07,3.815113581214641e-05,3.0863969313706794e-05
0.008,VQLS vs backward Euler K=2,VQLS/optimization,2.497878726290259e-07,2.039026661235389e-07,6.0826498301733145e-05,4.9446864915720595e-05
0.01,VQLS vs backward Euler K=2,VQLS/optimization,4.2239881708913224e-07,3.4350935289895243e-07,8.636460809371537e-05,6.980615775899349e-05
0.012,VQLS vs backward Euler K=2,VQLS/optimization,6.658590725516832e-07,5.426458296857323e-07,0.0001221638866958502,9.956947395720251e-05
0.014,VQLS vs backward Euler K=2,VQLS/optimization,9.712439672133084e-07,7.913494083977941e-07,0.00015269244733081243,0.00012435781357021845
0.016,VQLS vs backward Euler K=2,VQLS/optimization,1.4040557921486674e-06,1.1058858430258951e-06,0.00021845379554255584,0.00015898347746251304
0.018000000000000002,VQLS vs backward Euler K=2,VQLS/optimization,1.8820401625103955e-06,1.4955794284774687e-06,0.00023899218518086407,0.00019500952190574342
0.02,VQLS vs backward Euler K=2,VQLS/optimization,2.4503776798728144e-06,1.9602421967959624e-06,0.00028522247318494946,0.00023245407785881035
0.022,VQLS vs backward Euler K=2,VQLS/optimization,3.1210072301939007e-06,2.507221663322708e-06,0.00033531477516054314,0.00027356122367307346
0.024,VQLS vs backward Euler K=2,VQLS/optimization,3.888609904002804e-06,3.1313953869348836e-06,0.00038380133690445184,0.00031213191721007715
0.026000000000000002,VQLS vs backward Euler K=2,VQLS/optimization,4.759697630534951e-06,3.849250878481721e-06,0.0004437869199599362,0.00035900840029634296
0.028,VQLS vs backward Euler K=2,VQLS/optimization,5.729404335005905e-06,4.64331537569807e-06,0.00048777506669887144,0.0003970772835914984
0.03,VQLS vs backward Euler K=2,VQLS/optimization,6.806965888138394e-06,5.527700332337732e-06,0.0005444544602122466,0.0004422366124506283
0.032,VQLS vs backward Euler K=2,VQLS/optimization,8.005842273400496e-06,6.504215097059431e-06,0.0005994381926310507,0.0004882699260588574
0.034,VQLS vs backward Euler K=2,VQLS/optimization,9.31817622960851e-06,7.5703603431563905e-06,0.0006561669781040037,0.0005330727069298072
0.036000000000000004,VQLS vs backward Euler K=2,VQLS/optimization,1.0733899900052662e-05,8.725947819983286e-06,0.0007078618352220761,0.0005778096126781327
0.038,VQLS vs backward Euler K=2,VQLS/optimization,1.2266105846156852e-05,9.979649488662978e-06,0.0007694061202226203,0.0006268764062178229
0.04,VQLS vs backward Euler K=2,VQLS/optimization,1.391595145708302e-05,1.1315576040209355e-05,0.0008249228054630839,0.0006680004829444826
0.042,VQLS vs backward Euler K=2,VQLS/optimization,1.567449833565944e-05,1.2745326791828162e-05,0.0008792734392882098,0.0007149006313638969
0.044,VQLS vs backward Euler K=2,VQLS/optimization,1.754808556800498e-05,1.4264547259887752e-05,0.0009367936161727708,0.0007596389605324939
0.046,VQLS vs backward Euler K=2,VQLS/optimization,1.952497556239642e-05,1.5868871724671046e-05,0.0009884449971957199,0.0008021778065051067
0.048,VQLS vs backward Euler K=2,VQLS/optimization,2.1615011866890285e-05,1.7557108401267276e-05,0.0010450181522469286,0.0008441505605299591
0.05,VQLS vs backward Euler K=2,VQLS/optimization,2.380490506101278e-05,1.9321973703862463e-05,0.001094946597061247,0.0008824785714494171
0.052000000000000005,VQLS vs backward Euler K=2,VQLS/optimization,2.609927578603108e-05,2.1178619066392336e-05,0.0011471853625091497,0.0009284163381810665
0.054,VQLS vs backward Euler K=2,VQLS/optimization,2.8488466304739737e-05,2.310819081776613e-05,0.0011945952593543294,0.0009648450159489248
0.056,VQLS vs backward Euler K=2,VQLS/optimization,3.09815638632957e-05,2.5118667286578307e-05,0.0012465487792779825,0.0010053061910222031
0.058,VQLS vs backward Euler K=2,VQLS/optimization,3.355910833090919e-05,2.7191828561334612e-05,0.0012887722338067453,0.0010367191096128856
0.06,VQLS vs backward Euler K=2,VQLS/optimization,3.623000269869191e-05,2.9352654768051508e-05,0.00133544718389135,0.0010804996673469
0.062,VQLS vs backward Euler K=2,VQLS/optimization,3.898692483161534e-05,3.156793798247773e-05,0.0013784610664617156,0.0011077631997532791
0.064,VQLS vs backward Euler K=2,VQLS/optimization,4.18265868806153e-05,3.385442097075597e-05,0.0014198310244999818,0.0011433656705562081
0.066,VQLS vs backward Euler K=2,VQLS/optimization,4.474688491758021e-05,3.61942103496902e-05,0.0014601490184824525,0.0011701685295868159
0.068,VQLS vs backward Euler K=2,VQLS/optimization,4.774225269271737e-05,3.859073233832468e-05,0.0014976838875685808,0.0011986271602740712
0.07,VQLS vs backward Euler K=2,VQLS/optimization,5.079919900057364e-05,4.101405453280816e-05,0.0015284731539281365,0.001212190223564993
0.07200000000000001,VQLS vs backward Euler K=2,VQLS/optimization,5.393111163300504e-05,4.3505539717309606e-05,0.0015659563162156998,0.0012461971447297602
0.074,VQLS vs backward Euler K=2,VQLS/optimization,5.711625498617916e-05,4.603397210121863e-05,0.0015925716765870582,0.001264752085038709
0.076,VQLS vs backward Euler K=2,VQLS/optimization,6.0350686218201e-05,4.8589531425013965e-05,0.0016172156160109141,0.0012785913475743867
0.078,VQLS vs backward Euler K=2,VQLS/optimization,6.364748240021006e-05,5.1193396178709084e-05,0.0016483980910045257,0.001302747155433163
0.08,VQLS vs backward Euler K=2,VQLS/optimization,6.696616406570537e-05,5.381048686102635e-05,0.0016593408327476508,0.001309572547437843
0.082,VQLS vs backward Euler K=2,VQLS/optimization,7.033187496169498e-05,5.646312234030661e-05,0.001682855447994805,0.0013275784079563987
0.084,VQLS vs backward Euler K=2,VQLS/optimization,7.37336212282072e-05,5.9122083517749466e-05,0.001700873133256113,0.0013310565975743047
0.08600000000000001,VQLS vs backward Euler K=2,VQLS/optimization,7.716803522453668e-05,6.179463672109786e-05,0.0017172069981647373,0.001338071425457797
0.088,VQLS vs backward Euler K=2,VQLS/optimization,8.061892254161186e-05,6.447101018122393e-05,0.0017254436585375857,0.00134041968803748
0.09,VQLS vs backward Euler K=2,VQLS/optimization,8.410275617992853e-05,6.716794523518749e-05,0.0017419168191583345,0.0013508777533114355
0.092,VQLS vs backward Euler K=2,VQLS/optimization,8.760220495385163e-05,6.985704744982176e-05,0.0017497243869615473,0.0013472464438972018
0.094,VQLS vs backward Euler K=2,VQLS/optimization,9.111907218908345e-05,7.256313728983934e-05,0.0017584336176159135,0.0013561865930546623
0.096,VQLS vs backward Euler K=2,VQLS/optimization,9.462872388419415e-05,7.523591737823069e-05,0.0017548258475553538,0.0013401764178989476
0.098,VQLS vs backward Euler K=2,VQLS/optimization,9.813939667347154e-05,7.789805004141859e-05,0.001755336394638693,0.0013359447951700539
0.1,VQLS vs backward Euler K=2,VQLS/optimization,0.00010165911860287365,8.058700140917675e-05,0.0017598609647010571,0.001349463388318794
0.10200000000000001,VQLS vs backward Euler K=2,VQLS/optimization,0.00010514630340406617,8.321830158860998e-05,0.0017435924005962528,0.0013222216450206664
0.10400000000000001,VQLS vs backward Euler K=2,VQLS/optimization,0.0001086096836467789,8.580786766901494e-05,0.0017316901213563635,0.0013027783513381377
0.106,VQLS vs backward Euler K=2,VQLS/optimization,0.00011205367641437761,8.838569664810432e-05,0.0017219963837993568,0.0012976362879662416
0.108,VQLS vs backward Euler K=2,VQLS/optimization,0.00011548788553206787,9.094020650259529e-05,0.001717104558845127,0.00128715698259214
0.11,VQLS vs backward Euler K=2,VQLS/optimization,0.000118879632482893,9.343933860001856e-05,0.001695873475412571,0.0012615633348583115
0.112,VQLS vs backward Euler K=2,VQLS/optimization,0.00012223418871039598,9.588713964198046e-05,0.0016772781137514847,0.0012382210293071052
0.114,VQLS vs backward Euler K=2,VQLS/optimization,0.00012556153288672493,9.830266780417349e-05,0.0016636720881644737,0.0012247755099083586
0.116,VQLS vs backward Euler K=2,VQLS/optimization,0.0001288419136487055,0.0001006614726344106,0.0016401903809902876,0.0011990081160965862
0.11800000000000001,VQLS vs backward Euler K=2,VQLS/optimization,0.00013208402745742802,0.00010297047320898095,0.0016210569043612552,0.0011778028477988066
0.12,VQLS vs backward Euler K=2,VQLS/optimization,0.0001353217066156825,0.0001052763821608949,0.001618839579127243,0.0011780774918409996
0.122,VQLS vs backward Euler K=2,VQLS/optimization,0.0001384953303931345,0.00010750830702803894,0.0015868118887259822,0.00114569796725662
0.124,VQLS vs backward Euler K=2,VQLS/optimization,0.00014158791858492805,0.00010966092153352202,0.0015462940958967802,0.0011117140355622614
0.126,VQLS vs backward Euler K=2,VQLS/optimization,0.0001446253492698845,0.0001117522504546576,0.0015187153424782232,0.0010868202179849316
0.128,VQLS vs backward Euler K=2,VQLS/optimization,0.0001475806427335682,0.00011375142891139246,0.0014776467318418501,0.0010484826047236994
0.13,VQLS vs backward Euler K=2,VQLS/optimization,0.0001505166055974826,0.0001157303573638959,0.0014679814319571924,0.001041679228729299
0.132,VQLS vs backward Euler K=2,VQLS/optimization,0.000153352867915596,0.00011760690638433571,0.0014181311590566945,0.0009995375808285962
0.134,VQLS vs backward Euler K=2,VQLS/optimization,0.00015613013513927042,0.0001194210029738288,0.001388633611837213,0.0009764703130942669
0.136,VQLS vs backward Euler K=2,VQLS/optimization,0.0001588563406858933,0.0001211834198266601,0.0013631027733114476,0.000964160673355732
0.138,VQLS vs backward Euler K=2,VQLS/optimization,0.00016149892466923478,0.0001228672588626244,0.0013212919916707339,0.0009348902050007391
0.14,VQLS vs backward Euler K=2,VQLS/optimization,0.00016409771533825758,0.0001245036211446023,0.0012993953345113995,0.0009223988846552867
0.14200000000000002,VQLS vs backward Euler K=2,VQLS/optimization,0.00016662692130586885,0.00012606649350268694,0.0012646029838056308,0.0009025878896241225
0.14400000000000002,VQLS vs backward Euler K=2,VQLS/optimization,0.0001690734166460506,0.00012755206480718616,0.0012232476700908823,0.0008842932433796697
0.146,VQLS vs backward Euler K=2,VQLS/optimization,0.00017151022203869878,0.00012902353110921957,0.001218402696324082,0.0008870141757509142
0.148,VQLS vs backward Euler K=2,VQLS/optimization,0.00017385474110882294,0.00013040314397366536,0.0011722595350620799,0.0008667802299521801
0.15,VQLS vs backward Euler K=2,VQLS/optimization,0.0001761003144975619,0.00013169149621999743,0.0011227866943694723,0.0008479834989117255
0.152,VQLS vs backward Euler K=2,VQLS/optimization,0.00017822325170949345,0.00013288525545063296,0.0010614686059657805,0.000830104373129842
0.154,VQLS vs backward Euler K=2,VQLS/optimization,0.00018028515790895726,0.0001340259177169709,0.0010309530997319044,0.0008304576532746621
0.156,VQLS vs backward Euler K=2,VQLS/optimization,0.00018231667325286152,0.00013512588550053758,0.0010319078315727433,0.000836084885890528
0.158,VQLS vs backward Euler K=2,VQLS/optimization,0.00018425381556860104,0.00013614926271884127,0.001073200454136454,0.0008367005961797882
0.16,VQLS vs backward Euler K=2,VQLS/optimization,0.00018613935525456284,0.00013711982249062617,0.0010696318004626143,0.0008285050868804339
0.162,VQLS vs backward Euler K=2,VQLS/optimization,0.00018793302735621966,0.00013802824917436693,0.0011341990634379552,0.0008456391126252426
0.164,VQLS vs backward Euler K=2,VQLS/optimization,0.00018964976690157443,0.00013887520067395827,0.0011646390314668,0.0008537722070887033
0.166,VQLS vs backward Euler K=2,VQLS/optimization,0.00019133998838960758,0.00013969459623360513,0.0011978104238414035,0.0008722708993036629
0.168,VQLS vs backward Euler K=2,VQLS/optimization,0.0001929291811238079,0.0001404445218924084,0.001231768241382051,0.0008836429632025061
0.17,VQLS vs backward Euler K=2,VQLS/optimization,0.000194456122964079,0.00014114789722749805,0.001264586655170031,0.000902223732809202
0.17200000000000001,VQLS vs backward Euler K=2,VQLS/optimization,0.00019596078587611268,0.00014183721861558374,0.0012961849425945741,0.000923755714036148
0.17400000000000002,VQLS vs backward Euler K=2,VQLS/optimization,0.000197350677282381,0.00014245874246190767,0.0013346343643553908,0.0009428088368062231
0.176,VQLS vs backward Euler K=2,VQLS/optimization,0.000198697708688795,0.00014305343551478531,0.0013604531719456602,0.0009637021901078074
0.178,VQLS vs backward Euler K=2,VQLS/optimization,0.00019994687664313168,0.00014359042379346224,0.0013900114911222713,0.0009851755337962293
0.18,VQLS vs backward Euler K=2,VQLS/optimization,0.00020116520951832207,0.00014412034765126972,0.0014228966749401904,0.001009962302323581
0.182,VQLS vs backward Euler K=2,VQLS/optimization,0.00020232967446139928,0.00014462696724682102,0.0014568983671633673,0.0010374624053323513
0.184,VQLS vs backward Euler K=2,VQLS/optimization,0.0002034071697625344,0.0001450970283918922,0.0014884455048471065,0.0010618042808048498
0.186,VQLS vs backward Euler K=2,VQLS/optimization,0.0002044948586682597,0.00014558301559633324,0.001510703443506168,0.001086842897554603
0.188,VQLS vs backward Euler K=2,VQLS/optimization,0.00020545015741750897,0.00014600646575221724,0.0015434083610004028,0.0011158599930749327
0.19,VQLS vs backward Euler K=2,VQLS/optimization,0.0002064202614749937,0.0001464649756062974,0.001577917882942724,0.0011433853664002303
0.192,VQLS vs backward Euler K=2,VQLS/optimization,0.00020733525063702882,0.00014691240024710997,0.0016018738450989806,0.0011681916534503859
0.194,VQLS vs backward Euler K=2,VQLS/optimization,0.00020823099362309852,0.00014737439513391723,0.0016286299689155098,0.0011938771095130812
0.196,VQLS vs backward Euler K=2,VQLS/optimization,0.00020907815251554524,0.00014784418300917173,0.001654510612181137,0.0012142916784219076
0.198,VQLS vs backward Euler K=2,VQLS/optimization,0.000209906469806718,0.00014833360738711863,0.0016851953709207945,0.0012431537277640013
0.2,VQLS vs backward Euler K=2,VQLS/optimization,0.00021071604126749605,0.00014884664351756614,0.001706983767935901,0.001264410548845561
0.202,VQLS vs backward Euler K=2,VQLS/optimization,0.00021149318098506536,0.00014938117837023424,0.0017300791607777859,0.0012843465614738488
0.20400000000000001,VQLS vs backward Euler K=2,VQLS/optimization,0.00021222532882537786,0.00014993299548085964,0.0017597042864283784,0.0013093358514231857
0.20600000000000002,VQLS vs backward Euler K=2,VQLS/optimization,0.00021294134942477917,0.00015051128750555597,0.001765229393064581,0.0013209012565528699
0.20800000000000002,VQLS vs backward Euler K=2,VQLS/optimization,0.00021370665301620071,0.0001511643726941609,0.0018041750787019667,0.0013509040345777543
0.21,VQLS vs backward Euler K=2,VQLS/optimization,0.00021441363556750932,0.0001518305510729523,0.0018182327910440388,0.001365075401117794
0.212,VQLS vs backward Euler K=2,VQLS/optimization,0.00021511738706997993,0.00015254661426733943,0.0018413802618016811,0.001381645441643652
0.214,VQLS vs backward Euler K=2,VQLS/optimization,0.00021581334259995646,0.00015330860235732635,0.0018560214770806938,0.0013925470495662533
0.216,VQLS vs backward Euler K=2,VQLS/optimization,0.00021646559992869613,0.00015409902976905605,0.0018746744123504105,0.0014072204289118644
0.218,VQLS vs backward Euler K=2,VQLS/optimization,0.0002171904444824372,0.00015497510743237722,0.0018882361531948888,0.0014195183063968012
0.22,VQLS vs backward Euler K=2,VQLS/optimization,0.00021789527391179544,0.00015588830510836145,0.001895774325159999,0.0014272071989782649
0.222,VQLS vs backward Euler K=2,VQLS/optimization,0.00021857763095908854,0.00015684156432314622,0.0019097536991814282,0.0014377124404311356
0.224,VQLS vs backward Euler K=2,VQLS/optimization,0.00021929690805312999,0.00015786237087637926,0.0019177124287628328,0.0014440472061136849
0.226,VQLS vs backward Euler K=2,VQLS/optimization,0.00022005601954874342,0.0001589538128669066,0.0019276765184344583,0.0014501131261176461
0.228,VQLS vs backward Euler K=2,VQLS/optimization,0.0002207886288731734,0.00016007831406022717,0.0019296366975595988,0.001451320577650738
0.23,VQLS vs backward Euler K=2,VQLS/optimization,0.00022156373974720325,0.0001612899359916914,0.001957530061969054,0.001458671960264434
0.232,VQLS vs backward Euler K=2,VQLS/optimization,0.00022236288068409887,0.00016255420668935192,0.0019544623398538713,0.0014578062143862018
0.234,VQLS vs backward Euler K=2,VQLS/optimization,0.00022329634213259423,0.00016389118071395852,0.0019034417673034418,0.0014356146820355268
0.23600000000000002,VQLS vs backward Euler K=2,VQLS/optimization,0.0002241251375714556,0.00016524129804913312,0.0019396053777430006,0.0014518773311292422
0.23800000000000002,VQLS vs backward Euler K=2,VQLS/optimization,0.00022500750542091546,0.00016667106427098785,0.0019555995275242974,0.0014533341218328575
0.24,VQLS vs backward Euler K=2,VQLS/optimization,0.00022589502803689663,0.00016814553534896727,0.00195580921616835,0.0014460031902639745
0.242,VQLS vs backward Euler K=2,VQLS/optimization,0.00022685739110905992,0.0001696908102565579,0.0019543664404510913,0.0014453985446185233
0.244,VQLS vs backward Euler K=2,VQLS/optimization,0.00022785190408988013,0.00017129410893926638,0.0019597233827258406,0.0014389863789764487
0.246,VQLS vs backward Euler K=2,VQLS/optimization,0.00022886290417289363,0.00017293818946440706,0.0019553294376608438,0.0014296382604230386
0.248,VQLS vs backward Euler K=2,VQLS/optimization,0.00022991055861237402,0.00017463218709668158,0.001954659483498815,0.0014242827993161432
0.25,VQLS vs backward Euler K=2,VQLS/optimization,0.00023101655608924134,0.0001763700986333221,0.0019336533705087006,0.0014069138424499116
0.252,VQLS vs backward Euler K=2,VQLS/optimization,0.00023217357678934208,0.00017814747660283999,0.0019152619711306704,0.0013915282626678386
0.254,VQLS vs backward Euler K=2,VQLS/optimization,0.00023337607704448246,0.00017995912616736607,0.001897386227891082,0.001378172464042033
0.256,VQLS vs backward Euler K=2,VQLS/optimization,0.00023460627586204902,0.00018180736355448353,0.0018932381220867073,0.0013642768071084755
0.258,VQLS vs backward Euler K=2,VQLS/optimization,0.00023589536877392596,0.0001837117694742689,0.0018997069686434304,0.001356811969415508
0.26,VQLS vs backward Euler K=2,VQLS/optimization,0.0002372813190954424,0.0001856548531926175,0.0018677354704805318,0.0013413288186216738
0.262,VQLS vs backward Euler K=2,VQLS/optimization,0.00023870348444043963,0.00018762172466130637,0.0018518991169156618,0.0013253634537578004
0.264,VQLS vs backward Euler K=2,VQLS/optimization,0.0002401425199879013,0.0001896172507898175,0.0018549996180705283,0.0013157370130763468
0.266,VQLS vs backward Euler K=2,VQLS/optimization,0.00024162384427880502,0.00019161894074189547,0.0018184874535777176,0.0012914082653120984
0.268,VQLS vs backward Euler K=2,VQLS/optimization,0.00024318961311468152,0.00019365551755882906,0.0017974322387634412,0.0012728657841614218
0.27,VQLS vs backward Euler K=2,VQLS/optimization,0.0002448412878786107,0.00019573505654059756,0.0017895269738203573,0.0012661831118487173
0.272,VQLS vs backward Euler K=2,VQLS/optimization,0.0002464700802506447,0.00019778263550468097,0.0017469032670891158,0.0012326286788685692
0.274,VQLS vs backward Euler K=2,VQLS/optimization,0.0002482078441080147,0.00019987792318020402,0.0017372961251195737,0.0012296929176887164
0.276,VQLS vs backward Euler K=2,VQLS/optimization,0.0002499679397753977,0.00020195854318128364,0.0016969606381500024,0.0012055638230224527
0.278,VQLS vs backward Euler K=2,VQLS/optimization,0.00025181512831845977,0.00020407324381402616,0.001685002873719893,0.0011946550662495915
0.28,VQLS vs backward Euler K=2,VQLS/optimization,0.00025370428621913747,0.00020619033289602962,0.001659059310156391,0.001176254101405516
0.28200000000000003,VQLS vs backward Euler K=2,VQLS/optimization,0.0002556674758470088,0.00020831868570811874,0.0016294918848158146,0.0011615023151987564
0.28400000000000003,VQLS vs backward Euler K=2,VQLS/optimization,0.00025784123270748867,0.00021045340554317897,0.001617701228575838,0.0011550012792029862
0.28600000000000003,VQLS vs backward Euler K=2,VQLS/optimization,0.00026098727605766876,0.00021258335310084443,0.0015730216750900472,0.0011340747984800153
0.28800000000000003,VQLS vs backward Euler K=2,VQLS/optimization,0.00026403390678485326,0.0002146839697029622,0.0015233153635922508,0.001108465048658098
0.29,VQLS vs backward Euler K=2,VQLS/optimization,0.0002670896184130021,0.00021680142401180836,0.0015278558140744206,0.0011018598551569589
0.292,VQLS vs backward Euler K=2,VQLS/optimization,0.0002700588257642765,0.00021889100895196225,0.0014846036756372,0.001079541558846165
0.294,VQLS vs backward Euler K=2,VQLS/optimization,0.0002729966684062368,0.0002210442569211041,0.0014689213209801363,0.0010973928931978989
0.296,VQLS vs backward Euler K=2,VQLS/optimization,0.00027588227157013777,0.0002231530064837289,0.0014428015819504883,0.0010704774513399617
0.298,VQLS vs backward Euler K=2,VQLS/optimization,0.00027869378672591965,0.00022526371593642214,0.001405757577890937,0.0010665548423613258
0.3,VQLS vs backward Euler K=2,VQLS/optimization,0.00028140747533949174,0.00022735575949645327,0.001356844306786044,0.001051421875233171
0.0,VQLS vs full Lennard-Jones,Total,0.0,0.0,0.0,0.0
0.002,VQLS vs full Lennard-Jones,Total,1.2950622854043803e-06,1.057052219425591e-06,0.0006475311427021896,0.0005285261097127951
0.004,VQLS vs full Lennard-Jones,Total,2.5456252604263985e-06,2.076402570061571e-06,0.0006252814875110087,0.0005096754933808907
0.006,VQLS vs full Lennard-Jones,Total,3.7374412066321777e-06,3.0482484337102292e-06,0.0005959079731028892,0.00048592469608366954
0.008,VQLS vs full Lennard-Jones,Total,4.8607116303577e-06,3.962610889879078e-06,0.0005616352118627613,0.0004571824847444019
0.01,VQLS vs full Lennard-Jones,Total,5.91121095776595e-06,4.813956279922797e-06,0.000525249663704124,0.0004256873284890205
0.012,VQLS vs full Lennard-Jones,Total,6.859484522180742e-06,5.58152327553791e-06,0.0004741367822073952,0.0003838050342926227
0.014,VQLS vs full Lennard-Jones,Total,7.71930298715251e-06,6.273421034338498e-06,0.00042990923248588213,0.00034598729005093576
0.016,VQLS vs full Lennard-Jones,Total,8.418774855665457e-06,6.873023393121721e-06,0.0003859210804653887,0.000301046454101909
0.018000000000000002,VQLS vs full Lennard-Jones,Total,9.037707453337165e-06,7.36614722016234e-06,0.0003112201278389348,0.0002467801672387428
0.02,VQLS vs full Lennard-Jones,Total,9.535732895806295e-06,7.753207763597019e-06,0.00024901272123456324,0.00019400919364064337
0.022,VQLS vs full Lennard-Jones,Total,9.895871727463867e-06,8.025367309370713e-06,0.00018006941582878605,0.0001371225007442361
0.024,VQLS vs full Lennard-Jones,Total,1.0121992345256403e-05,8.186258419977436e-06,0.00011306030889626784,8.29249327736474e-05
0.026000000000000002,VQLS vs full Lennard-Jones,Total,1.0206215169471233e-05,8.218385800679028e-06,4.284563547447419e-05,3.480485561963118e-05
0.028,VQLS vs full Lennard-Jones,Total,1.015212165812393e-05,8.137658984427944e-06,7.47579206711417e-05,5.213808476998475e-05
0.03,VQLS vs full Lennard-Jones,Total,9.949274318710524e-06,7.929303261634251e-06,0.0001581762912854917,0.0001121137789154098
0.032,VQLS vs full Lennard-Jones,Total,9.583094263354575e-06,7.590655597641396e-06,0.00023794409645074704,0.00017628076789343047
0.034,VQLS vs full Lennard-Jones,Total,9.060402037842225e-06,7.124438487249269e-06,0.0003194571253950021,0.00024155495533714004
0.036000000000000004,VQLS vs full Lennard-Jones,Total,8.390310183160887e-06,6.5305836295135455e-06,0.0004066927473959543,0.00030683696082529997
0.038,VQLS vs full Lennard-Jones,Total,7.558851288979804e-06,5.80242420468024e-06,0.0004987065000927812,0.0003773385075773457
0.04,VQLS vs full Lennard-Jones,Total,6.564072405405158e-06,4.957910392959804e-06,0.0005713008406444085,0.0004396443398663553
0.042,VQLS vs full Lennard-Jones,Total,5.4141942803977855e-06,3.997338243285958e-06,0.0006632899708802903,0.0005091927472345747
0.044,VQLS vs full Lennard-Jones,Total,4.102236551197652e-06,2.952577878173881e-06,0.0007473182174582427,0.0005765749555681533
0.046,VQLS vs full Lennard-Jones,Total,2.6393702081788095e-06,1.938355616485388e-06,0.0008324366919460965,0.0006425049439216573
0.048,VQLS vs full Lennard-Jones,Total,2.0917202259045293e-06,1.4458572823155459e-06,0.0009115930605015643,0.0007076712848315858
0.05,VQLS vs full Lennard-Jones,Total,2.9081213170958345e-06,2.1934604815767947e-06,0.0009889080727232963,0.0007696137448539432
0.052000000000000005,VQLS vs full Lennard-Jones,Total,5.073829264815423e-06,3.6257295459134914e-06,0.001082853973859793,0.0008391154832473029
0.054,VQLS vs full Lennard-Jones,Total,7.391551960156655e-06,5.324726983281155e-06,0.0011588613476706151,0.0008999368668207382
0.056,VQLS vs full Lennard-Jones,Total,9.872217070666092e-06,7.199727008079998e-06,0.001240332555254714,0.0009646184243693369
0.058,VQLS vs full Lennard-Jones,Total,1.2490874562575555e-05,9.205019658587657e-06,0.001309328745954727,0.001019923526789091
0.06,VQLS vs full Lennard-Jones,Total,1.5300650277798398e-05,1.136027016870604e-05,0.0014048878576114199,0.0010887907969969993
0.062,VQLS vs full Lennard-Jones,Total,1.822719017999328e-05,1.3624261559058689e-05,0.00146326995109744,0.0011402296038282075
0.064,VQLS vs full Lennard-Jones,Total,2.1315214484455853e-05,1.6012912250448272e-05,0.0015440121522312875,0.0012004801321620294
0.066,VQLS vs full Lennard-Jones,Total,2.4522371196545635e-05,1.8503956089364907e-05,0.0016035783560448894,0.0012508986290867164
0.068,VQLS vs full Lennard-Jones,Total,2.7862735655443272e-05,2.1101709265843726e-05,0.0016701822294488203,0.0013034104708093608
0.07,VQLS vs full Lennard-Jones,Total,3.1275990217076183e-05,2.3775281182378673e-05,0.0017066272808164556,0.001340716381029282
0.07200000000000001,VQLS vs full Lennard-Jones,Total,3.48505174681418e-05,2.65675834378141e-05,0.0017872636255328034,0.0013992925194589358
0.074,VQLS vs full Lennard-Jones,Total,3.853076795100937e-05,2.9445592360404804e-05,0.0018401252414337876,0.0014417209186513916
0.076,VQLS vs full Lennard-Jones,Total,4.229548512797417e-05,3.239728900614612e-05,0.0018823585884823954,0.0014785237766467925
0.078,VQLS vs full Lennard-Jones,Total,4.618372756585217e-05,3.544563442766904e-05,0.001944121218938999,0.001526467941732315
0.08,VQLS vs full Lennard-Jones,Total,5.014879488826748e-05,3.8553807086305565e-05,0.0019825336612076527,0.001556233523798287
0.082,VQLS vs full Lennard-Jones,Total,5.421935648293702e-05,4.174329010673311e-05,0.002035280797334761,0.0015968583018495998
0.084,VQLS vs full Lennard-Jones,Total,5.833362293540707e-05,4.4984060228108594e-05,0.0020571332262350264,0.0016224618660827495
0.08600000000000001,VQLS vs full Lennard-Jones,Total,6.251218096712261e-05,4.8283479973159814e-05,0.002089279015857766,0.001651676232809349
0.088,VQLS vs full Lennard-Jones,Total,6.674561056470036e-05,5.1630104055811885e-05,0.002116714798788874,0.0016753394344056931
0.09,VQLS vs full Lennard-Jones,Total,7.105806254176835e-05,5.5041146561081316e-05,0.0021562259885339885,0.001707450812429402
0.092,VQLS vs full Lennard-Jones,Total,7.539603356701433e-05,5.848756088948544e-05,0.002168985512622984,0.0017250385754945753
0.094,VQLS vs full Lennard-Jones,Total,7.981654192482958e-05,6.199208679521163e-05,0.0022102541789076266,0.0017542075479977798
0.096,VQLS vs full Lennard-Jones,Total,8.421947338415866e-05,6.550400330426204e-05,0.002201465729664537,0.001757953141578845
0.098,VQLS vs full Lennard-Jones,Total,8.86491409947841e-05,6.904313663559697e-05,0.0022148338053127187,0.0017719437763372317
0.1,VQLS vs full Lennard-Jones,Total,9.319048985787165e-05,7.264911712746146e-05,0.0022706744315437732,0.001805314557503742
0.10200000000000001,VQLS vs full Lennard-Jones,Total,9.767291743059811e-05,7.623323530991871e-05,0.0022412137863632234,0.0017947907990728286
0.10400000000000001,VQLS vs full Lennard-Jones,Total,0.00010212551935254903,7.981123137090669e-05,0.0022263009609754594,0.0017920627813571904
0.106,VQLS vs full Lennard-Jones,Total,0.00010661720002036815,8.341361201527554e-05,0.0022458403339095517,0.0018043575660895055
0.108,VQLS vs full Lennard-Jones,Total,0.00011110711204124395,8.702695699662751e-05,0.0022449560104379,0.0018100990311669379
0.11,VQLS vs full Lennard-Jones,Total,0.00011554578806554283,9.061696475131299e-05,0.0022193380121494424,0.0017989281249795274
0.112,VQLS vs full Lennard-Jones,Total,0.00011993545724494747,9.418648136003736e-05,0.0021948345897023144,0.0017892554567744384
0.114,VQLS vs full Lennard-Jones,Total,0.00012430967392037997,9.77527043453396e-05,0.002193630209730048,0.0017884371699961807
0.116,VQLS vs full Lennard-Jones,Total,0.00012862700799895358,0.00010129117175239795,0.002189223531458194,0.0017751115824973542
0.11800000000000001,VQLS vs full Lennard-Jones,Total,0.0001328911474427338,0.00010480605935921062,0.002188835737908318,0.001764368657500282
0.12,VQLS vs full Lennard-Jones,Total,0.00013718310638926798,0.00010834483740518703,0.0022050313214496825,0.0017769397546679357
0.122,VQLS vs full Lennard-Jones,Total,0.0001413830078339372,0.00011183354864435645,0.002191080413343857,0.0017530289419134299
0.124,VQLS vs full Lennard-Jones,Total,0.0001454910169691047,0.00011526506565778916,0.0021682999538060257,0.001725834923973465
0.126,VQLS vs full Lennard-Jones,Total,0.00014952244705331366,0.00011865612856190762,0.002158115744910545,0.001707146837778999
0.128,VQLS vs full Lennard-Jones,Total,0.0001534245297701983,0.00012197411338659481,0.002134095486879241,0.0016724028225363942
0.13,VQLS vs full Lennard-Jones,Total,0.0001573123454004996,0.00012529215472421512,0.0021411288484815758,0.001673432698966429
0.132,VQLS vs full Lennard-Jones,Total,0.00016105788701060563,0.00012852471878060722,0.0021076239097909052,0.0016325688217024904
0.134,VQLS vs full Lennard-Jones,Total,0.00016471519891826485,0.00013171033679549332,0.0020941145627848337,0.00161117752254372
0.136,VQLS vs full Lennard-Jones,Total,0.00016829056778914098,0.00013485380789278765,0.002084210785629252,0.0015945227697994496
0.138,VQLS vs full Lennard-Jones,Total,0.00017175656146845627,0.00013793199913148912,0.0020576616983339,0.0015640435433286622
0.14,VQLS vs full Lennard-Jones,Total,0.00017514222151088308,0.0001409725891174644,0.0020506568905367256,0.0015486494389772602
0.14200000000000002,VQLS vs full Lennard-Jones,Total,0.000178401483411297,0.00014394616552749952,0.0020303817964114138,0.0015199610002701969
0.14400000000000002,VQLS vs full Lennard-Jones,Total,0.0001815316816455234,0.0001468464379627563,0.0020031641215969426,0.0014891752488379638
0.146,VQLS vs full Lennard-Jones,Total,0.00018461794534394872,0.0001497384818662681,0.0020120718461631507,0.0014890181512847325
0.148,VQLS vs full Lennard-Jones,Total,0.00018753920526898542,0.00015253919675231112,0.0019792908157248434,0.0014505503891114808
0.15,VQLS vs full Lennard-Jones,Total,0.00019030087580290244,0.0001552484599035508,0.0019427836047756844,0.0014120885506165555
0.152,VQLS vs full Lennard-Jones,Total,0.0001937646445731812,0.00015786172848312617,0.0018940284030985605,0.0013717854909842488
0.154,VQLS vs full Lennard-Jones,Total,0.00019751597754597873,0.00016041748946159866,0.0018756664863987596,0.001352206874650696
0.156,VQLS vs full Lennard-Jones,Total,0.00020126039453133293,0.0001629263976290786,0.0018722084926771007,0.001338633726893106
0.158,VQLS vs full Lennard-Jones,Total,0.00020493306674849304,0.00016534899870330344,0.0018363361085800556,0.001308485309656599
0.16,VQLS vs full Lennard-Jones,Total,0.00020857590311367576,0.00016771623491823663,0.001821418182591364,0.00128598151944786
0.162,VQLS vs full Lennard-Jones,Total,0.00021214776177359666,0.00017000383166223965,0.0017859293299604465,0.0012654692080057265
0.164,VQLS vs full Lennard-Jones,Total,0.0002156626849373882,0.0001722162730652668,0.0017574615818957626,0.0012429267956056863
0.166,VQLS vs full Lennard-Jones,Total,0.00021917017789835694,0.0001743845833177566,0.001753746480484368,0.0012373553861282712
0.168,VQLS vs full Lennard-Jones,Total,0.0002225948039309717,0.00017646542395756434,0.001712313016307386,0.001212617775541764
0.17,VQLS vs full Lennard-Jones,Total,0.00022597439766202385,0.00017847898947225848,0.0016897968655260678,0.0011997833633202535
0.17200000000000001,VQLS vs full Lennard-Jones,Total,0.0002293479703046825,0.00018045716681040948,0.00168678632132932,0.001201270590048666
0.17400000000000002,VQLS vs full Lennard-Jones,Total,0.00023262205072698298,0.00018234264428982253,0.0016370402111502425,0.0011810650408196038
0.176,VQLS vs full Lennard-Jones,Total,0.00023586755386218036,0.00018417646811780933,0.001622751567598689,0.0011781033781434794
0.178,VQLS vs full Lennard-Jones,Total,0.00023902846151887007,0.00018592464403204673,0.0015804538283448535,0.001164146878290449
0.18,VQLS vs full Lennard-Jones,Total,0.00024217076907995976,0.00018763668103745904,0.0015711537805448497,0.0011716804016225107
0.182,VQLS vs full Lennard-Jones,Total,0.0002452703924216192,0.0001892926874200671,0.0015498116708297163,0.0011751923149749053
0.184,VQLS vs full Lennard-Jones,Total,0.0002482931603157209,0.00019087911538072337,0.0015113839470508456,0.0011731201027289926
0.186,VQLS vs full Lennard-Jones,Total,0.00025133514838062256,0.00019244785079477778,0.0015209940324508384,0.0011910716116672055
0.188,VQLS vs full Lennard-Jones,Total,0.0002542526672894684,0.00019391493866108828,0.0014587594544229268,0.0011845469551028734
0.19,VQLS vs full Lennard-Jones,Total,0.00025719178925571757,0.00019537893708091285,0.0014986829349794596,0.0012119649262581343
0.192,VQLS vs full Lennard-Jones,Total,0.00026008145346769363,0.00019679295404830428,0.001544835682353092,0.0012226839787878704
0.194,VQLS vs full Lennard-Jones,Total,0.00026295637108510054,0.0001981810698816675,0.001594371372497693,0.0012432331725723655
0.196,VQLS vs full Lennard-Jones,Total,0.0002657860301478075,0.0001995381557174548,0.0016435969816634942,0.0012588245231777645
0.198,VQLS vs full Lennard-Jones,Total,0.00026859898314465606,0.0002008699057393268,0.0016981741012028068,0.0012844213635340837
0.2,VQLS vs full Lennard-Jones,Total,0.0002713941204949607,0.00020218373398182417,0.0017443836459501046,0.001306712342227216
0.202,VQLS vs full Lennard-Jones,Total,0.0002741565362765553,0.00020347732407417622,0.0017924097940682816,0.001328035899329876
0.20400000000000001,VQLS vs full Lennard-Jones,Total,0.0002768724364156606,0.00020474223285246528,0.0018474555967222632,0.0013523289352423838
0.20600000000000002,VQLS vs full Lennard-Jones,Total,0.0002795694384785702,0.00020599560942796943,0.001878871145130287,0.0013703565620561983
0.20800000000000002,VQLS vs full Lennard-Jones,Total,0.00028231169336827375,0.00020727437686874438,0.0019441564418399837,0.0014153342508211974
0.21,VQLS vs full Lennard-Jones,Total,0.0002849903263969528,0.0002085252735025638,0.001984981936705134,0.0014325902915354447
0.212,VQLS vs full Lennard-Jones,Total,0.000287659146558063,0.00020978424361913902,0.0020353040089246405,0.001461894656030775
0.214,VQLS vs full Lennard-Jones,Total,0.0002903122986068125,0.00021105118206228533,0.002077504997262822,0.0014864421244789768
0.216,VQLS vs full Lennard-Jones,Total,0.00029291258174547806,0.00021230542083741034,0.0021240809702630925,0.0015099437578696758
0.218,VQLS vs full Lennard-Jones,Total,0.0002955749757615096,0.0002136086927165863,0.002165906829615455,0.0015460757152456332
0.22,VQLS vs full Lennard-Jones,Total,0.00029820556674492243,0.0002149142757457073,0.002202027854679045,0.0015675187164405678
0.222,VQLS vs full Lennard-Jones,Total,0.00030080058117951385,0.000216223753526283,0.0022448863104503614,0.001592349778861622
0.224,VQLS vs full Lennard-Jones,Total,0.00030341809179782353,0.00021757034432561107,0.0022819977228468596,0.0016207871969850607
0.226,VQLS vs full Lennard-Jones,Total,0.0003060596911159491,0.00021895908303237922,0.00232136538101798,0.0016500466730318374
0.228,VQLS vs full Lennard-Jones,Total,0.00030865771989820935,0.00022035452860875299,0.0023529572533305884,0.0016679650007925255
0.23,VQLS vs full Lennard-Jones,Total,0.0003112798597182016,0.00022181220068027253,0.0024106876678805303,0.0017024431141096186
0.232,VQLS vs full Lennard-Jones,Total,0.00031390631884480513,0.00022330285458976726,0.002437639583375506,0.001723881130113765
0.234,VQLS vs full Lennard-Jones,Total,0.000316646070768468,0.00022486887799647628,0.002416798519529237,0.001733821160251135
0.23600000000000002,VQLS vs full Lennard-Jones,Total,0.0003192588167014876,0.0002264129746462283,0.0024832788674963233,0.0017614116810299642
0.23800000000000002,VQLS vs full Lennard-Jones,Total,0.0003219014889107461,0.000228024245971656,0.002529704438544632,0.0017911549662769245
0.24,VQLS vs full Lennard-Jones,Total,0.00032452437114317964,0.00022967287322888806,0.002560437807122125,0.0018079737904894194
0.242,VQLS vs full Lennard-Jones,Total,0.0003271958594541457,0.00023138541295617758,0.0025895886943416435,0.0018349970879464488
0.244,VQLS vs full Lennard-Jones,Total,0.0003298719840637646,0.0002331548198149938,0.0026255871830461325,0.0018555356855677085
0.246,VQLS vs full Lennard-Jones,Total,0.0003325358147812101,0.00023496584186333123,0.0026518607408238803,0.0018711677325535276
0.248,VQLS vs full Lennard-Jones,Total,0.00033520626474653546,0.0002368280002227192,0.002681862529692665,0.0018916813764941753
0.25,VQLS vs full Lennard-Jones,Total,0.00033790378321647526,0.00023874771413507053,0.002691510903546003,0.0019020958830073427
0.252,VQLS vs full Lennard-Jones,Total,0.0003406198270545528,0.00024072029525791413,0.002703735469087705,0.001913524482472165
0.254,VQLS vs full Lennard-Jones,Total,0.00034334764677087896,0.00024273974370474404,0.002716416144454656,0.0019259120241386467
0.256,VQLS vs full Lennard-Jones,Total,0.0003460682744287331,0.0002448117726327407,0.0027427441434801497,0.0019382639315614302
0.258,VQLS vs full Lennard-Jones,Total,0.000348811738851498,0.0002469575365717306,0.0027795882788089754,0.001958179722160864
0.26,VQLS vs full Lennard-Jones,Total,0.00035161485822974935,0.00024916537619557033,0.0027778710101318826,0.001969115070811862
0.262,VQLS vs full Lennard-Jones,Total,0.0003544158679481416,0.0002514186397215791,0.002792147860883845,0.0019777551896955612
0.264,VQLS vs full Lennard-Jones,Total,0.00035719432514268905,0.00025371906796872767,0.0028252008507870935,0.001992032605596014
0.266,VQLS vs full Lennard-Jones,Total,0.00035997457576352875,0.0002560540887280267,0.002818461043512313,0.0019914631058875988
0.268,VQLS vs full Lennard-Jones,Total,0.0003627977297102771,0.0002584588951206725,0.0028269789126081357,0.0019975305927595654
0.27,VQLS vs full Lennard-Jones,Total,0.000365664230353807,0.00026093395645694005,0.0028484285944582743,0.002013736954677351
0.272,VQLS vs full Lennard-Jones,Total,0.0003684643004208594,0.00026340592724983315,0.0028349231084219065,0.002001259474126985
0.274,VQLS vs full Lennard-Jones,Total,0.000371328835041026,0.0002659545237167924,0.002854179132149706,0.002019447510826053
0.276,VQLS vs full Lennard-Jones,Total,0.000374170267096565,0.00026851609527856195,0.0028424336948862858,0.0020154403990633356
0.278,VQLS vs full Lennard-Jones,Total,0.00037705246258457786,0.0002711488791770757,0.002858775060434783,0.002022951913186224
0.28,VQLS vs full Lennard-Jones,Total,0.000379929436327059,0.0002738164203378516,0.002860822152329648,0.0020221836995243264
0.28200000000000003,VQLS vs full Lennard-Jones,Total,0.00038283242344075354,0.0002765296664262714,0.002858919594277573,0.002023198205509518
0.28400000000000003,VQLS vs full Lennard-Jones,Total,0.0003857159504556224,0.00027926946308256314,0.002874450939982766,0.002033753094974682
0.28600000000000003,VQLS vs full Lennard-Jones,Total,0.00038862006414526625,0.0002820417424086882,0.002856733676035582,0.002025776561132863
0.28800000000000003,VQLS vs full Lennard-Jones,Total,0.00039149599416852176,0.0002848130205418238,0.002833613304703289,0.0020148761317530083
0.29,VQLS vs full Lennard-Jones,Total,0.00039435049008785866,0.0002876346869949707,0.0028643469209325076,0.002017348071257896
0.292,VQLS vs full Lennard-Jones,Total,0.0003971696842316546,0.0002904543698248398,0.0028468789480379716,0.0020077136030966316
0.294,VQLS vs full Lennard-Jones,Total,0.000400125339617505,0.00029337352057030484,0.002856555722048966,0.0020255268036232653
0.296,VQLS vs full Lennard-Jones,Total,0.00040297200473278635,0.0002962703485419369,0.0028553542175549784,0.002010596604420678
0.298,VQLS vs full Lennard-Jones,Total,0.0004058454851910904,0.00029919044698315016,0.00284277186861185,0.0020145176476608303
0.3,VQLS vs full Lennard-Jones,Total,0.0004087210764469958,0.00030212202869357875,0.002817848154078227,0.002000564599363636
